ORIGINAL_AIR_DATE;RELEASE_YEAR;SPORT;LEAGUE_FULL;PROGRAM_FULL_TITLE;PROGRAMID;CONTENT_PGM_CODE;CONTENT_TITLE_NUM;CHANNEL_NAME
16/6/2025;2025;;;La Casa del Kun;9b7915f7-d989-4134-a102-83c1d5645e25;TAKUN;00019;Disney Plus ESPN Events
16/6/2025;2025;;;La Casa del Kun;9b7915f7-d989-4134-a102-83c1d5645e25;TAKUN;00019;ESPN
23/6/2025;2025;;;La Casa del Kun;dfd79fa2-439a-4b11-882e-34e7307ef08f;TAKUN;00020;ESPN
23/6/2025;2025;;;La Casa del Kun;dfd79fa2-439a-4b11-882e-34e7307ef08f;TAKUN;00020;Disney Plus ESPN Events
8/6/2026;2026;Soccer;;ESPN Mundial;58865da1-e84b-4f00-ab52-cd67b177f9ca;SOAMU;00001;ESPN
8/6/2026;2026;Soccer;;ESPN Mundial;58865da1-e84b-4f00-ab52-cd67b177f9ca;SOAMU;00001;Disney Plus ESPN Events
8/6/2026;2026;Soccer;;ESPN Mundial;3b8f720c-769e-497a-a3f6-cf82a4494026;SOAMU;00114;ESPN
8/6/2026;2026;Soccer;;ESPN Mundial;2fa752bb-8847-42c2-9660-a38258a45d7c;SOCMU;00071;Disney Plus ESPN Events
8/6/2026;2026;Soccer;;ESPN Mundial;3b8f720c-769e-497a-a3f6-cf82a4494026;SOAMU;00114;Disney Plus ESPN Events
8/6/2026;2026;Soccer;;ESPN Mundial;2fa752bb-8847-42c2-9660-a38258a45d7c;SOCMU;00071;ESPN
8/6/2026;2026;Soccer;;ESPN Mundial;2fa752bb-8847-42c2-9660-a38258a45d7c;SOCMU;00071;ESPN Mundial Colombia
8/6/2026;2026;Soccer;;ESPN Mundial;54b55fc3-7a13-4cbe-8b56-b9d02fd0f7e3;SOCMU;00001;ESPN Mundial Colombia
8/6/2026;2026;Soccer;;ESPN Mundial;607de226-74ad-41e4-92f5-abd99a0c9cf8;SOAMU;00043;Disney Plus ESPN Events
8/6/2026;2026;Soccer;;ESPN Mundial;54b55fc3-7a13-4cbe-8b56-b9d02fd0f7e3;SOCMU;00001;ESPN
8/6/2026;2026;Soccer;;ESPN Mundial;54b55fc3-7a13-4cbe-8b56-b9d02fd0f7e3;SOCMU;00001;Disney Plus ESPN Events
8/6/2026;2026;Soccer;;ESPN Mundial;607de226-74ad-41e4-92f5-abd99a0c9cf8;SOAMU;00043;ESPN
8/6/2026;2026;Soccer;;ESPN Mundial;3b8f720c-769e-497a-a3f6-cf82a4494026;SOAMU;00114;ESPN Mundial Argentina
8/6/2026;2026;Soccer;;ESPN Mundial;607de226-74ad-41e4-92f5-abd99a0c9cf8;SOAMU;00043;ESPN Mundial Argentina
8/6/2026;2026;Soccer;;ESPN Mundial;58865da1-e84b-4f00-ab52-cd67b177f9ca;SOAMU;00001;ESPN Mundial Argentina
9/6/2026;2026;Soccer;;ESPN Mundial;9be16624-a13e-4f0e-a99c-97bfad1fde9b;SOAMU;00084;ESPN
9/6/2026;2026;Soccer;;ESPN Mundial;62213586-8068-43e9-acc9-196d61275ccc;SOCMU;00041;ESPN
9/6/2026;2026;Soccer;;ESPN Mundial;e71c5f6a-a88f-45b7-90e6-8f23c91e51c7;SOCMU;00072;ESPN Mundial Colombia
9/6/2026;2026;Soccer;;ESPN Mundial;9be16624-a13e-4f0e-a99c-97bfad1fde9b;SOAMU;00084;Disney Plus ESPN Events
9/6/2026;2026;Soccer;;ESPN Mundial;ce37303a-1a02-43b9-aeef-f181bad066ac;SOAMU;00115;Disney Plus ESPN Events
9/6/2026;2026;Soccer;;ESPN Mundial;62213586-8068-43e9-acc9-196d61275ccc;SOCMU;00041;ESPN Mundial Colombia
9/6/2026;2026;Soccer;;ESPN Mundial;62213586-8068-43e9-acc9-196d61275ccc;SOCMU;00041;Disney Plus ESPN Events
9/6/2026;2026;Soccer;;ESPN Mundial;af253cb2-4bb3-45c8-a343-b4a1976415aa;SOAMU;00044;ESPN Mundial Argentina
9/6/2026;2026;Soccer;;ESPN Mundial;e71c5f6a-a88f-45b7-90e6-8f23c91e51c7;SOCMU;00072;Disney Plus ESPN Events
9/6/2026;2026;Soccer;;ESPN Mundial;6c5264e8-594d-4c45-80b0-61e9e51fc6af;SOCMU;00002;ESPN Mundial Colombia
9/6/2026;2026;Soccer;;ESPN Mundial;53a980e2-1a5b-401e-b976-0168e9a2cbf6;SOAMU;00002;ESPN
9/6/2026;2026;Soccer;;ESPN Mundial;af253cb2-4bb3-45c8-a343-b4a1976415aa;SOAMU;00044;Disney Plus ESPN Events
9/6/2026;2026;Soccer;;ESPN Mundial;9be16624-a13e-4f0e-a99c-97bfad1fde9b;SOAMU;00084;ESPN Mundial Argentina
9/6/2026;2026;Soccer;;ESPN Mundial;7ddf8c08-e14c-46bc-ae38-0d972ebac6f9;SOAMU;00190;ESPN
9/6/2026;2026;Soccer;;ESPN Mundial;7ddf8c08-e14c-46bc-ae38-0d972ebac6f9;SOAMU;00190;ESPN Mundial Colombia
9/6/2026;2026;Soccer;;ESPN Mundial;af253cb2-4bb3-45c8-a343-b4a1976415aa;SOAMU;00044;ESPN
9/6/2026;2026;Soccer;;ESPN Mundial;6c5264e8-594d-4c45-80b0-61e9e51fc6af;SOCMU;00002;Disney Plus ESPN Events
9/6/2026;2026;Soccer;;ESPN Mundial;7ddf8c08-e14c-46bc-ae38-0d972ebac6f9;SOAMU;00190;Disney Plus ESPN Events
9/6/2026;2026;Soccer;;ESPN Mundial;ce37303a-1a02-43b9-aeef-f181bad066ac;SOAMU;00115;ESPN
9/6/2026;2026;Soccer;;ESPN Mundial;53a980e2-1a5b-401e-b976-0168e9a2cbf6;SOAMU;00002;ESPN Mundial Argentina
9/6/2026;2026;Soccer;;ESPN Mundial;e71c5f6a-a88f-45b7-90e6-8f23c91e51c7;SOCMU;00072;ESPN
9/6/2026;2026;Soccer;;ESPN Mundial;7ddf8c08-e14c-46bc-ae38-0d972ebac6f9;SOAMU;00190;ESPN Mundial Argentina
9/6/2026;2026;Soccer;;ESPN Mundial;ce37303a-1a02-43b9-aeef-f181bad066ac;SOAMU;00115;ESPN Mundial Argentina
9/6/2026;2026;Soccer;;ESPN Mundial;6c5264e8-594d-4c45-80b0-61e9e51fc6af;SOCMU;00002;ESPN
9/6/2026;2026;Soccer;;ESPN Mundial;53a980e2-1a5b-401e-b976-0168e9a2cbf6;SOAMU;00002;Disney Plus ESPN Events
10/6/2026;2026;Soccer;;ESPN Mundial;a3baf68f-9f54-4843-b539-c3f0da20196e;SOAMU;00151;Disney Plus ESPN Events
10/6/2026;2026;Soccer;;ESPN Mundial;e76fb7bd-380f-4f93-88a0-cbd798b835c7;SOCMU;00073;ESPN
10/6/2026;2026;Soccer;;ESPN Mundial;4a997431-13d3-48d3-a057-d6c816f5f4ed;SOCMU;00003;ESPN Mundial Colombia
10/6/2026;2026;Soccer;;ESPN Mundial;8f62160c-7a52-4eb7-a4fd-4f36a697ad18;SOAMU;00003;Disney Plus ESPN Events
10/6/2026;2026;Soccer;;ESPN Mundial;8f62160c-7a52-4eb7-a4fd-4f36a697ad18;SOAMU;00003;ESPN
10/6/2026;2026;Soccer;;ESPN Mundial;f22d1635-70f0-44b1-b3bb-a70d2978f7ea;SOAMU;00116;Disney Plus ESPN Events
10/6/2026;2026;Soccer;;ESPN Mundial;e668ce82-da03-4011-aa6a-90be114133c3;SOCMU;00108;ESPN
10/6/2026;2026;Soccer;;ESPN Mundial;6fe164ea-3a85-4caa-b1cf-74d02c835a7a;SOAMU;00191;ESPN
10/6/2026;2026;Soccer;;ESPN Mundial;a3baf68f-9f54-4843-b539-c3f0da20196e;SOAMU;00151;ESPN
10/6/2026;2026;Soccer;;ESPN Mundial;4a997431-13d3-48d3-a057-d6c816f5f4ed;SOCMU;00003;Disney Plus ESPN Events
10/6/2026;2026;Soccer;;ESPN Mundial;f22d1635-70f0-44b1-b3bb-a70d2978f7ea;SOAMU;00116;ESPN Mundial Argentina
10/6/2026;2026;Soccer;;ESPN Mundial;a3baf68f-9f54-4843-b539-c3f0da20196e;SOAMU;00151;ESPN Mundial Argentina
10/6/2026;2026;Soccer;;ESPN Mundial;6fe164ea-3a85-4caa-b1cf-74d02c835a7a;SOAMU;00191;ESPN Mundial Argentina
10/6/2026;2026;Soccer;;ESPN Mundial;5fd2408a-c351-4f49-b875-3b902b1e6adc;SOAMU;00045;ESPN Mundial Argentina
10/6/2026;2026;Soccer;;ESPN Mundial;e668ce82-da03-4011-aa6a-90be114133c3;SOCMU;00108;Disney Plus ESPN Events
10/6/2026;2026;Soccer;;ESPN Mundial;6fe164ea-3a85-4caa-b1cf-74d02c835a7a;SOAMU;00191;ESPN Mundial Colombia
10/6/2026;2026;Soccer;;ESPN Mundial;5fd2408a-c351-4f49-b875-3b902b1e6adc;SOAMU;00045;ESPN
10/6/2026;2026;Soccer;;ESPN Mundial;e76fb7bd-380f-4f93-88a0-cbd798b835c7;SOCMU;00073;Disney Plus ESPN Events
10/6/2026;2026;Soccer;;ESPN Mundial;4a997431-13d3-48d3-a057-d6c816f5f4ed;SOCMU;00003;ESPN
10/6/2026;2026;Soccer;;ESPN Mundial;5fd2408a-c351-4f49-b875-3b902b1e6adc;SOAMU;00045;Disney Plus ESPN Events
10/6/2026;2026;Soccer;;ESPN Mundial;e668ce82-da03-4011-aa6a-90be114133c3;SOCMU;00108;ESPN Mundial Colombia
10/6/2026;2026;Soccer;;ESPN Mundial;f22d1635-70f0-44b1-b3bb-a70d2978f7ea;SOAMU;00116;ESPN
10/6/2026;2026;Soccer;;ESPN Mundial;8f62160c-7a52-4eb7-a4fd-4f36a697ad18;SOAMU;00003;ESPN Mundial Argentina
10/6/2026;2026;Soccer;;ESPN Mundial;e76fb7bd-380f-4f93-88a0-cbd798b835c7;SOCMU;00073;ESPN Mundial Colombia
11/6/2026;2026;Soccer;;ESPN Mundial;76bc49ce-ff8e-4d48-9897-b9d0fa1eba1c;SOCMU;00004;ESPN
11/6/2026;2026;Soccer;;ESPN Mundial;df72b3c3-e521-4605-891d-7946c46b679f;SOAMU;00152;Disney Plus ESPN Events
11/6/2026;2026;Soccer;;ESPN Mundial;277c8bb0-5fbb-45a8-8c75-f5d19fec8e71;SOAMU;00192;ESPN Mundial Argentina
11/6/2026;2026;Soccer;;ESPN Mundial;3c70a744-1b0f-4c23-b959-113aacb722de;SOCMU;00109;Disney Plus ESPN Events
11/6/2026;2026;Soccer;;ESPN Mundial;0e5423cc-3ccd-438f-802a-ae5c4be9a162;SOAMU;00046;Disney Plus ESPN Events
11/6/2026;2026;Soccer;;ESPN Mundial;808e7d4a-844b-4c79-87d2-8e5b0400a1f7;SOAMU;00117;ESPN Mundial Argentina
11/6/2026;2026;Soccer;;ESPN Mundial;df72b3c3-e521-4605-891d-7946c46b679f;SOAMU;00152;ESPN
11/6/2026;2026;Soccer;;ESPN Mundial;3c70a744-1b0f-4c23-b959-113aacb722de;SOCMU;00109;ESPN Mundial Colombia
11/6/2026;2026;Soccer;;ESPN Mundial;c82d8b90-56d0-4994-a192-ce2b40382e05;SOAMU;00241;ESPN
11/6/2026;2026;Soccer;;ESPN Mundial;277c8bb0-5fbb-45a8-8c75-f5d19fec8e71;SOAMU;00192;ESPN Mundial Colombia
11/6/2026;2026;Soccer;;ESPN Mundial;808e7d4a-844b-4c79-87d2-8e5b0400a1f7;SOAMU;00117;ESPN
11/6/2026;2026;Soccer;;ESPN Mundial;2c08d9cc-f1dc-4109-8c47-62a29bac4e88;SOAMU;00004;ESPN
11/6/2026;2026;Soccer;;ESPN Mundial;3c70a744-1b0f-4c23-b959-113aacb722de;SOCMU;00109;ESPN
11/6/2026;2026;Soccer;;ESPN Mundial;862d4574-a9d0-48f1-94a3-aefc7c2e889a;SOCMU;00149;ESPN
11/6/2026;2026;Soccer;;ESPN Mundial;5ec80454-03a0-4a53-8448-1a141e068dee;SOCMU;00074;ESPN Mundial Colombia
11/6/2026;2026;Soccer;;ESPN Mundial;277c8bb0-5fbb-45a8-8c75-f5d19fec8e71;SOAMU;00192;Disney Plus ESPN Events
11/6/2026;2026;Soccer;;ESPN Mundial;5ec80454-03a0-4a53-8448-1a141e068dee;SOCMU;00074;ESPN
11/6/2026;2026;Soccer;;ESPN Mundial;2c08d9cc-f1dc-4109-8c47-62a29bac4e88;SOAMU;00004;Disney Plus ESPN Events
11/6/2026;2026;Soccer;;ESPN Mundial;76bc49ce-ff8e-4d48-9897-b9d0fa1eba1c;SOCMU;00004;Disney Plus ESPN Events
11/6/2026;2026;Soccer;;ESPN Mundial;0e5423cc-3ccd-438f-802a-ae5c4be9a162;SOAMU;00046;ESPN
11/6/2026;2026;Soccer;;ESPN Mundial;df72b3c3-e521-4605-891d-7946c46b679f;SOAMU;00152;ESPN Mundial Argentina
11/6/2026;2026;Soccer;;ESPN Mundial;0e5423cc-3ccd-438f-802a-ae5c4be9a162;SOAMU;00046;ESPN Mundial Argentina
11/6/2026;2026;Soccer;;ESPN Mundial;76bc49ce-ff8e-4d48-9897-b9d0fa1eba1c;SOCMU;00004;ESPN Mundial Colombia
11/6/2026;2026;Soccer;;ESPN Mundial;5ec80454-03a0-4a53-8448-1a141e068dee;SOCMU;00074;Disney Plus ESPN Events
11/6/2026;2026;Soccer;;ESPN Mundial;808e7d4a-844b-4c79-87d2-8e5b0400a1f7;SOAMU;00117;Disney Plus ESPN Events
11/6/2026;2026;Soccer;;ESPN Mundial;2c08d9cc-f1dc-4109-8c47-62a29bac4e88;SOAMU;00004;ESPN Mundial Argentina
11/6/2026;2026;Soccer;;ESPN Mundial;277c8bb0-5fbb-45a8-8c75-f5d19fec8e71;SOAMU;00192;ESPN
12/6/2026;2026;Soccer;;ESPN Mundial;ac00809c-53b5-4337-89c6-803ece2e6f5b;SOCMU;00005;Disney Plus ESPN Events
12/6/2026;2026;Soccer;;ESPN Mundial;e1583d68-d802-4eb4-914e-2ddc4025a35f;SOAMU;00005;ESPN Mundial Argentina
12/6/2026;2026;Soccer;;ESPN Mundial;522f11d2-ab65-41fe-85ce-e0e31173d6cc;SOAMU;00153;ESPN
12/6/2026;2026;Soccer;;ESPN Mundial;72b3a178-41b4-4029-a659-21e7789e863f;SOAMU;00193;Disney Plus ESPN Events
12/6/2026;2026;Soccer;;ESPN Mundial;a4670c2f-4bd8-4376-83a6-309834e55b23;SOAMU;00047;ESPN Mundial Argentina
12/6/2026;2026;Soccer;;ESPN Mundial;f15ebdc2-ae4b-4077-8e72-f0dcbac809e3;SOAMU;00086;Disney Plus ESPN Events
12/6/2026;2026;Soccer;;ESPN Mundial;f15ebdc2-ae4b-4077-8e72-f0dcbac809e3;SOAMU;00086;ESPN Mundial Argentina
12/6/2026;2026;Soccer;;ESPN Mundial;e1583d68-d802-4eb4-914e-2ddc4025a35f;SOAMU;00005;Disney Plus ESPN Events
12/6/2026;2026;Soccer;;ESPN Mundial;a7800a97-0f77-49e3-80fe-454bc5fbe056;SOAMU;00274;ESPN
12/6/2026;2026;Soccer;;ESPN Mundial;a0e96424-51cd-4cc8-b6e1-9f786a69af9b;SOCMU;00110;Disney Plus ESPN Events
12/6/2026;2026;Soccer;;ESPN Mundial;7fdb142e-d723-4ff1-b484-c8b117801008;SOAMU;00118;ESPN Mundial Argentina
12/6/2026;2026;Soccer;;ESPN Mundial;fd42ba13-d855-4405-97e4-1719cf31c079;SOCMU;00075;ESPN
12/6/2026;2026;Soccer;;ESPN Mundial;72b3a178-41b4-4029-a659-21e7789e863f;SOAMU;00193;ESPN Mundial Argentina
12/6/2026;2026;Soccer;;ESPN Mundial;522f11d2-ab65-41fe-85ce-e0e31173d6cc;SOAMU;00153;Disney Plus ESPN Events
12/6/2026;2026;Soccer;;ESPN Mundial;f271a2db-ce7b-4b64-8089-3f86a612da25;SOCMU;00150;ESPN
12/6/2026;2026;Soccer;;ESPN Mundial;a7800a97-0f77-49e3-80fe-454bc5fbe056;SOAMU;00274;ESPN Mundial Argentina
12/6/2026;2026;Soccer;;ESPN Mundial;a4670c2f-4bd8-4376-83a6-309834e55b23;SOAMU;00047;Disney Plus ESPN Events
12/6/2026;2026;Soccer;;ESPN Mundial;a6429575-8e99-498b-97ff-d6afc30665d2;SOCMU;00151;ESPN
12/6/2026;2026;Soccer;;ESPN Mundial;a4670c2f-4bd8-4376-83a6-309834e55b23;SOAMU;00047;ESPN
12/6/2026;2026;Soccer;;ESPN Mundial;72b3a178-41b4-4029-a659-21e7789e863f;SOAMU;00193;ESPN Mundial Colombia
12/6/2026;2026;Soccer;;ESPN Mundial;ac00809c-53b5-4337-89c6-803ece2e6f5b;SOCMU;00005;ESPN
12/6/2026;2026;Soccer;;ESPN Mundial;82de811d-360b-45a8-b948-368ba66e644d;SOAMU;00242;ESPN
12/6/2026;2026;Soccer;;ESPN Mundial;f15ebdc2-ae4b-4077-8e72-f0dcbac809e3;SOAMU;00086;ESPN
12/6/2026;2026;Soccer;;ESPN Mundial;a7800a97-0f77-49e3-80fe-454bc5fbe056;SOAMU;00274;Disney Plus ESPN Events
12/6/2026;2026;Soccer;;ESPN Mundial;a0e96424-51cd-4cc8-b6e1-9f786a69af9b;SOCMU;00110;ESPN
12/6/2026;2026;Soccer;;ESPN Mundial;7fdb142e-d723-4ff1-b484-c8b117801008;SOAMU;00118;ESPN
12/6/2026;2026;Soccer;;ESPN Mundial;fd42ba13-d855-4405-97e4-1719cf31c079;SOCMU;00075;ESPN Mundial Colombia
12/6/2026;2026;Soccer;;ESPN Mundial;72b3a178-41b4-4029-a659-21e7789e863f;SOAMU;00193;ESPN
12/6/2026;2026;Soccer;;ESPN Mundial;522f11d2-ab65-41fe-85ce-e0e31173d6cc;SOAMU;00153;ESPN Mundial Argentina
12/6/2026;2026;Soccer;;ESPN Mundial;e1583d68-d802-4eb4-914e-2ddc4025a35f;SOAMU;00005;ESPN
12/6/2026;2026;Soccer;;ESPN Mundial;a0e96424-51cd-4cc8-b6e1-9f786a69af9b;SOCMU;00110;ESPN Mundial Colombia
12/6/2026;2026;Soccer;;ESPN Mundial;ac00809c-53b5-4337-89c6-803ece2e6f5b;SOCMU;00005;ESPN Mundial Colombia
12/6/2026;2026;Soccer;;ESPN Mundial;7fdb142e-d723-4ff1-b484-c8b117801008;SOAMU;00118;Disney Plus ESPN Events
12/6/2026;2026;Soccer;;ESPN Mundial;fd42ba13-d855-4405-97e4-1719cf31c079;SOCMU;00075;Disney Plus ESPN Events
13/6/2026;2026;Soccer;;ESPN Mundial;386c1f0a-1af8-4c19-883b-efa49755925e;SOAMU;00048;ESPN Mundial Argentina
13/6/2026;2026;Soccer;;ESPN Mundial;12882a43-7c4a-491e-a69c-16dbdcb87841;SOCMU;00111;Disney Plus ESPN Events
13/6/2026;2026;Soccer;;ESPN Mundial;a7c222be-af72-491e-9d19-3fbe9f914394;SOAMU;00194;Disney Plus ESPN Events
13/6/2026;2026;Soccer;;ESPN Mundial;bd5e4b34-7971-4a1a-a131-903de197df01;SOAMU;00275;Disney Plus ESPN Events
13/6/2026;2026;Soccer;;ESPN Mundial;d2050376-c7da-4e43-b65d-a6c94a6c9387;SOCMU;00152;ESPN
13/6/2026;2026;Soccer;;ESPN Mundial;4cc8d28f-2a11-4dad-972f-5cf875e77fd6;SOAMU;00006;ESPN Mundial Argentina
13/6/2026;2026;Soccer;;ESPN Mundial;12882a43-7c4a-491e-a69c-16dbdcb87841;SOCMU;00111;ESPN Mundial Colombia
13/6/2026;2026;Soccer;;ESPN Mundial;e1aabc98-0e9e-4f8c-9c18-d5b78f9c610f;SOAMU;00243;ESPN
13/6/2026;2026;Soccer;;ESPN Mundial;572a9770-2f0c-4c4f-a084-d00b40932aa9;SOCMU;00042;ESPN
13/6/2026;2026;Soccer;;ESPN Mundial;a7c222be-af72-491e-9d19-3fbe9f914394;SOAMU;00194;ESPN Mundial Argentina
13/6/2026;2026;Soccer;;ESPN Mundial;572a9770-2f0c-4c4f-a084-d00b40932aa9;SOCMU;00042;Disney Plus ESPN Events
13/6/2026;2026;Soccer;;ESPN Mundial;bd5e4b34-7971-4a1a-a131-903de197df01;SOAMU;00275;ESPN Mundial Argentina
13/6/2026;2026;Soccer;;ESPN Mundial;6087e13d-4b74-407b-8a7f-f2af5dd88e00;SOAMU;00087;ESPN Mundial Argentina
13/6/2026;2026;Soccer;;ESPN Mundial;4cc8d28f-2a11-4dad-972f-5cf875e77fd6;SOAMU;00006;Disney Plus ESPN Events
13/6/2026;2026;Soccer;;ESPN Mundial;12882a43-7c4a-491e-a69c-16dbdcb87841;SOCMU;00111;ESPN
13/6/2026;2026;Soccer;;ESPN Mundial;4cc8d28f-2a11-4dad-972f-5cf875e77fd6;SOAMU;00006;ESPN
13/6/2026;2026;Soccer;;ESPN Mundial;386c1f0a-1af8-4c19-883b-efa49755925e;SOAMU;00048;Disney Plus ESPN Events
13/6/2026;2026;Soccer;;ESPN Mundial;34ef5696-7585-46f3-8288-e0eeddce9804;SOAMU;00154;ESPN
13/6/2026;2026;Soccer;;ESPN Mundial;386c1f0a-1af8-4c19-883b-efa49755925e;SOAMU;00048;ESPN
13/6/2026;2026;Soccer;;ESPN Mundial;73dd6d68-cc86-4b44-aa69-8b2e240a6a7e;SOCMU;00006;ESPN
13/6/2026;2026;Soccer;;ESPN Mundial;572a9770-2f0c-4c4f-a084-d00b40932aa9;SOCMU;00042;ESPN Mundial Colombia
13/6/2026;2026;Soccer;;ESPN Mundial;a7c222be-af72-491e-9d19-3fbe9f914394;SOAMU;00194;ESPN
13/6/2026;2026;Soccer;;ESPN Mundial;6087e13d-4b74-407b-8a7f-f2af5dd88e00;SOAMU;00087;Disney Plus ESPN Events
13/6/2026;2026;Soccer;;ESPN Mundial;a7c222be-af72-491e-9d19-3fbe9f914394;SOAMU;00194;ESPN Mundial Colombia
13/6/2026;2026;Soccer;;ESPN Mundial;6087e13d-4b74-407b-8a7f-f2af5dd88e00;SOAMU;00087;ESPN
13/6/2026;2026;Soccer;;ESPN Mundial;34ef5696-7585-46f3-8288-e0eeddce9804;SOAMU;00154;ESPN Mundial Argentina
13/6/2026;2026;Soccer;;ESPN Mundial;34ef5696-7585-46f3-8288-e0eeddce9804;SOAMU;00154;Disney Plus ESPN Events
13/6/2026;2026;Soccer;;ESPN Mundial;bd5e4b34-7971-4a1a-a131-903de197df01;SOAMU;00275;ESPN
13/6/2026;2026;Soccer;;ESPN Mundial;73dd6d68-cc86-4b44-aa69-8b2e240a6a7e;SOCMU;00006;Disney Plus ESPN Events
13/6/2026;2026;Soccer;;ESPN Mundial;73dd6d68-cc86-4b44-aa69-8b2e240a6a7e;SOCMU;00006;ESPN Mundial Colombia
14/6/2026;2026;Soccer;;ESPN Mundial;b7178d9d-7fc0-4728-9219-28f5090344bb;SOCMU;00153;ESPN
14/6/2026;2026;Soccer;;ESPN Mundial;c4a718fc-1c46-45e6-8c61-84421b81051e;SOAMU;00195;Disney Plus ESPN Events
14/6/2026;2026;Soccer;;ESPN Mundial;478c8f6e-f545-462c-a8f7-7c5f5fd9fdf9;SOAMU;00155;Disney Plus ESPN Events
14/6/2026;2026;Soccer;;ESPN Mundial;c4a718fc-1c46-45e6-8c61-84421b81051e;SOAMU;00195;ESPN
14/6/2026;2026;Soccer;;ESPN Mundial;a57bd8b9-f908-4c94-8e2f-56d8498eca6e;SOCMU;00112;ESPN
14/6/2026;2026;Soccer;;ESPN Mundial;a57bd8b9-f908-4c94-8e2f-56d8498eca6e;SOCMU;00112;ESPN Mundial Colombia
14/6/2026;2026;Soccer;;ESPN Mundial;8496d1f4-d9dd-45ce-8c2d-980b4b82cf67;SOCMU;00007;Disney Plus ESPN Events
14/6/2026;2026;Soccer;;ESPN Mundial;542a76a3-25cb-449d-98c3-891397eb2c93;SOAMU;00049;Disney Plus ESPN Events
14/6/2026;2026;Soccer;;ESPN Mundial;e731cd09-e0ba-414d-a557-355b6bd8d461;SOAMU;00276;Disney Plus ESPN Events
14/6/2026;2026;Soccer;;ESPN Mundial;8496d1f4-d9dd-45ce-8c2d-980b4b82cf67;SOCMU;00007;ESPN
14/6/2026;2026;Soccer;;ESPN Mundial;f362d607-4bd8-415e-9c71-c295bf623cbd;SOAMU;00007;Disney Plus ESPN Events
14/6/2026;2026;Soccer;;ESPN Mundial;c696de14-cff7-422c-b6e6-7b7fc48b5310;SOCMU;00154;ESPN
14/6/2026;2026;Soccer;;ESPN Mundial;4ecc6294-ac03-48c4-b567-93f4004f9b95;SOAMU;00244;ESPN
14/6/2026;2026;Soccer;;ESPN Mundial;f362d607-4bd8-415e-9c71-c295bf623cbd;SOAMU;00007;ESPN
14/6/2026;2026;Soccer;;ESPN Mundial;478c8f6e-f545-462c-a8f7-7c5f5fd9fdf9;SOAMU;00155;ESPN
14/6/2026;2026;Soccer;;ESPN Mundial;542a76a3-25cb-449d-98c3-891397eb2c93;SOAMU;00049;ESPN
14/6/2026;2026;Soccer;;ESPN Mundial;e731cd09-e0ba-414d-a557-355b6bd8d461;SOAMU;00276;ESPN Mundial Argentina
14/6/2026;2026;Soccer;;ESPN Mundial;f362d607-4bd8-415e-9c71-c295bf623cbd;SOAMU;00007;ESPN Mundial Argentina
14/6/2026;2026;Soccer;;ESPN Mundial;e731cd09-e0ba-414d-a557-355b6bd8d461;SOAMU;00276;ESPN
14/6/2026;2026;Soccer;;ESPN Mundial;a57bd8b9-f908-4c94-8e2f-56d8498eca6e;SOCMU;00112;Disney Plus ESPN Events
14/6/2026;2026;Soccer;;ESPN Mundial;8496d1f4-d9dd-45ce-8c2d-980b4b82cf67;SOCMU;00007;ESPN Mundial Colombia
14/6/2026;2026;Soccer;;ESPN Mundial;542a76a3-25cb-449d-98c3-891397eb2c93;SOAMU;00049;ESPN Mundial Argentina
14/6/2026;2026;Soccer;;ESPN Mundial;c4a718fc-1c46-45e6-8c61-84421b81051e;SOAMU;00195;ESPN Mundial Argentina
14/6/2026;2026;Soccer;;ESPN Mundial;478c8f6e-f545-462c-a8f7-7c5f5fd9fdf9;SOAMU;00155;ESPN Mundial Argentina
14/6/2026;2026;Soccer;;ESPN Mundial;e4c45713-d279-4010-a9bd-d7c38460b22f;SOAMU;00245;ESPN
14/6/2026;2026;Soccer;;ESPN Mundial;c4a718fc-1c46-45e6-8c61-84421b81051e;SOAMU;00195;ESPN Mundial Colombia
15/6/2026;2026;Soccer;;ESPN Mundial;0da77491-4623-444a-a29c-906f8c19f975;SOAMU;00196;Disney Plus ESPN Events
15/6/2026;2026;Soccer;;ESPN Mundial;cac9fb35-0136-4fdb-8341-6cdee19d8ff0;SOCMU;00155;ESPN
15/6/2026;2026;Soccer;;ESPN Mundial;06c1af76-1b4b-4d37-9cdb-98977c0dfa95;SOAMU;00050;Disney Plus ESPN Events
15/6/2026;2026;Soccer;;ESPN Mundial;06c1af76-1b4b-4d37-9cdb-98977c0dfa95;SOAMU;00050;ESPN Mundial Argentina
15/6/2026;2026;Soccer;;ESPN Mundial;3d1268ba-bd81-4a28-b4ec-62f3607e7e7d;SOAMU;00277;Disney Plus ESPN Events
15/6/2026;2026;Soccer;;ESPN Mundial;0c1dad79-bc25-43cf-a0a6-dc2d164e7e36;SOAMU;00008;ESPN
15/6/2026;2026;Soccer;;ESPN Mundial;0c1dad79-bc25-43cf-a0a6-dc2d164e7e36;SOAMU;00008;Disney Plus ESPN Events
15/6/2026;2026;Soccer;;ESPN Mundial;55c786db-59b1-4efc-92d0-352b84cba768;SOAMU;00088;ESPN Mundial Argentina
15/6/2026;2026;;;La Casa del Kun;8195b853-a370-42d3-b7c2-4495b4912cfb;TAKUN;00022;ESPN Mundial Argentina
15/6/2026;2026;Soccer;;ESPN Mundial;ec70ab51-9859-42dc-8e30-9f4f313d79d9;SOCMU;00043;ESPN
15/6/2026;2026;Soccer;;ESPN Mundial;3b0c78b9-9a7d-4ddd-a2e1-3f225a04352c;SOCMU;00113;Disney Plus ESPN Events
15/6/2026;2026;Soccer;;ESPN Mundial;0da77491-4623-444a-a29c-906f8c19f975;SOAMU;00196;ESPN Mundial Argentina
15/6/2026;2026;Soccer;;ESPN Mundial;3b0c78b9-9a7d-4ddd-a2e1-3f225a04352c;SOCMU;00113;ESPN Mundial Colombia
15/6/2026;2026;Soccer;;ESPN Mundial;3b0c78b9-9a7d-4ddd-a2e1-3f225a04352c;SOCMU;00113;ESPN
15/6/2026;2026;;;La Casa del Kun;5079c78c-cbc2-46f6-9baa-2c5ec458cb19;TAKUN;00028;Disney Plus ESPN Events
15/6/2026;2026;Soccer;;ESPN Mundial;55c786db-59b1-4efc-92d0-352b84cba768;SOAMU;00088;Disney Plus ESPN Events
15/6/2026;2026;;;La Casa del Kun;8195b853-a370-42d3-b7c2-4495b4912cfb;TAKUN;00022;Disney Plus ESPN Events
15/6/2026;2026;;;La Casa del Kun;8195b853-a370-42d3-b7c2-4495b4912cfb;TAKUN;00022;ESPN
15/6/2026;2026;Soccer;;ESPN Mundial;dc61ecd4-e0d8-45e8-a80f-c529cd0f3ce2;SOAMU;00246;ESPN
15/6/2026;2026;Soccer;;ESPN Mundial;06c1af76-1b4b-4d37-9cdb-98977c0dfa95;SOAMU;00050;ESPN
15/6/2026;2026;Soccer;;ESPN Mundial;f42445fe-d7e0-4db9-9805-8075170d2602;SOAMU;00156;ESPN Mundial Argentina
15/6/2026;2026;Soccer;;ESPN Mundial;0da77491-4623-444a-a29c-906f8c19f975;SOAMU;00196;ESPN
15/6/2026;2026;Soccer;;ESPN Mundial;f42445fe-d7e0-4db9-9805-8075170d2602;SOAMU;00156;ESPN
15/6/2026;2026;Soccer;;ESPN Mundial;f42445fe-d7e0-4db9-9805-8075170d2602;SOAMU;00156;Disney Plus ESPN Events
15/6/2026;2026;Soccer;;ESPN Mundial;0da77491-4623-444a-a29c-906f8c19f975;SOAMU;00196;ESPN Mundial Colombia
15/6/2026;2026;Soccer;;ESPN Mundial;55c786db-59b1-4efc-92d0-352b84cba768;SOAMU;00088;ESPN
15/6/2026;2026;Soccer;;ESPN Mundial;37b2821c-029f-4b80-9c30-1fa4cb2057c3;SOCMU;00156;ESPN
15/6/2026;2026;Soccer;;ESPN Mundial;ec70ab51-9859-42dc-8e30-9f4f313d79d9;SOCMU;00043;ESPN Mundial Colombia
15/6/2026;2026;Soccer;;ESPN Mundial;3d1268ba-bd81-4a28-b4ec-62f3607e7e7d;SOAMU;00277;ESPN
15/6/2026;2026;Soccer;;ESPN Mundial;ec70ab51-9859-42dc-8e30-9f4f313d79d9;SOCMU;00043;Disney Plus ESPN Events
15/6/2026;2026;Soccer;;ESPN Mundial;0c1dad79-bc25-43cf-a0a6-dc2d164e7e36;SOAMU;00008;ESPN Mundial Argentina
16/6/2026;2026;Soccer;;ESPN Mundial;b9eb07a5-e7b1-4eb7-a869-131d3aadbe94;SOCMU;00114;ESPN
16/6/2026;2026;Soccer;;ESPN Mundial;b9eb07a5-e7b1-4eb7-a869-131d3aadbe94;SOCMU;00114;Disney Plus ESPN Events
16/6/2026;2026;Soccer;;ESPN Mundial;8126518d-a23c-4824-ae61-7c8423d52f88;SOCMU;00076;Disney Plus ESPN Events
16/6/2026;2026;Soccer;;ESPN Mundial;58e189a6-453d-4785-95f0-5eca5392d16b;SOAMU;00051;ESPN Mundial Argentina
16/6/2026;2026;Soccer;;ESPN Mundial;8126518d-a23c-4824-ae61-7c8423d52f88;SOCMU;00076;ESPN
16/6/2026;2026;Soccer;;ESPN Mundial;5dde0c21-5340-4ad1-954d-52df92e10988;SOAMU;00197;Disney Plus ESPN Events
16/6/2026;2026;Soccer;;ESPN Mundial;1caf5579-8237-4d8b-8516-a0bb8e8c7421;SOAMU;00089;Disney Plus ESPN Events
16/6/2026;2026;Soccer;;ESPN Mundial;5dde0c21-5340-4ad1-954d-52df92e10988;SOAMU;00197;ESPN Mundial Colombia
16/6/2026;2026;Soccer;;ESPN Mundial;5dde0c21-5340-4ad1-954d-52df92e10988;SOAMU;00197;ESPN Mundial Argentina
16/6/2026;2026;Soccer;;ESPN Mundial;a5721645-7a1c-41d2-9122-89434d69954b;SOCMU;00044;ESPN Mundial Colombia
16/6/2026;2026;Soccer;;ESPN Mundial;0155e00a-fc9f-43e5-87e2-fcabae65501b;SOAMU;00009;ESPN Mundial Argentina
16/6/2026;2026;Soccer;;ESPN Mundial;d386eb66-a847-4018-ae80-c4f658d3c5a7;SOAMU;00157;Disney Plus ESPN Events
16/6/2026;2026;Soccer;;ESPN Mundial;d247ee0b-0089-4dce-bdd7-8d4ec774edf1;SOAMU;00278;Disney Plus ESPN Events
16/6/2026;2026;Soccer;;ESPN Mundial;a3b65895-6b24-4809-babf-46b366c89453;SOAMU;00119;ESPN Mundial Argentina
16/6/2026;2026;Soccer;;ESPN Mundial;1caf5579-8237-4d8b-8516-a0bb8e8c7421;SOAMU;00089;ESPN Mundial Argentina
16/6/2026;2026;Soccer;;ESPN Mundial;a5721645-7a1c-41d2-9122-89434d69954b;SOCMU;00044;ESPN
16/6/2026;2026;Soccer;;ESPN Mundial;69b3273b-e962-48a1-b116-013fd8446aff;SOCMU;00008;ESPN
16/6/2026;2026;Soccer;;ESPN Mundial;a3b65895-6b24-4809-babf-46b366c89453;SOAMU;00119;ESPN
16/6/2026;2026;Soccer;;ESPN Mundial;d247ee0b-0089-4dce-bdd7-8d4ec774edf1;SOAMU;00278;ESPN
16/6/2026;2026;Soccer;;ESPN Mundial;5dde0c21-5340-4ad1-954d-52df92e10988;SOAMU;00197;ESPN
16/6/2026;2026;Soccer;;ESPN Mundial;1caf5579-8237-4d8b-8516-a0bb8e8c7421;SOAMU;00089;ESPN
16/6/2026;2026;Soccer;;ESPN Mundial;a5721645-7a1c-41d2-9122-89434d69954b;SOCMU;00044;Disney Plus ESPN Events
16/6/2026;2026;Soccer;;ESPN Mundial;d247ee0b-0089-4dce-bdd7-8d4ec774edf1;SOAMU;00278;ESPN Mundial Argentina
16/6/2026;2026;Soccer;;ESPN Mundial;d386eb66-a847-4018-ae80-c4f658d3c5a7;SOAMU;00157;ESPN Mundial Argentina
16/6/2026;2026;Soccer;;ESPN Mundial;69b3273b-e962-48a1-b116-013fd8446aff;SOCMU;00008;ESPN Mundial Colombia
16/6/2026;2026;Soccer;;ESPN Mundial;69b3273b-e962-48a1-b116-013fd8446aff;SOCMU;00008;Disney Plus ESPN Events
16/6/2026;2026;Soccer;;ESPN Mundial;0155e00a-fc9f-43e5-87e2-fcabae65501b;SOAMU;00009;ESPN
16/6/2026;2026;Soccer;;ESPN Mundial;0155e00a-fc9f-43e5-87e2-fcabae65501b;SOAMU;00009;Disney Plus ESPN Events
16/6/2026;2026;Soccer;;ESPN Mundial;58e189a6-453d-4785-95f0-5eca5392d16b;SOAMU;00051;ESPN
16/6/2026;2026;Soccer;;ESPN Mundial;d386eb66-a847-4018-ae80-c4f658d3c5a7;SOAMU;00157;ESPN
16/6/2026;2026;Soccer;;ESPN Mundial;a3b65895-6b24-4809-babf-46b366c89453;SOAMU;00119;Disney Plus ESPN Events
16/6/2026;2026;Soccer;;ESPN Mundial;b9eb07a5-e7b1-4eb7-a869-131d3aadbe94;SOCMU;00114;ESPN Mundial Colombia
16/6/2026;2026;Soccer;;ESPN Mundial;8126518d-a23c-4824-ae61-7c8423d52f88;SOCMU;00076;ESPN Mundial Colombia
16/6/2026;2026;Soccer;;ESPN Mundial;58e189a6-453d-4785-95f0-5eca5392d16b;SOAMU;00051;Disney Plus ESPN Events
17/6/2026;2026;Soccer;;ESPN Mundial;0a0bdf1a-752e-4db1-bc26-47f109008526;SOAMU;00052;Disney Plus ESPN Events
17/6/2026;2026;Soccer;;ESPN Mundial;35b5a88f-eb73-4d01-ab7a-bdbb5e5360a6;SOAMU;00279;Disney Plus ESPN Events
17/6/2026;2026;Soccer;;ESPN Mundial;35b5a88f-eb73-4d01-ab7a-bdbb5e5360a6;SOAMU;00279;ESPN Mundial Argentina
17/6/2026;2026;Soccer;;ESPN Mundial;0e38a1a8-7c40-4f3c-9cc4-f51898d644c6;SOCMU;00115;ESPN
17/6/2026;2026;Soccer;;ESPN Mundial;bcbce147-6b95-4988-a3d0-efaf1aa7ca46;SOAMU;00158;ESPN Mundial Argentina
17/6/2026;2026;Soccer;;ESPN Mundial;a6a14274-acfe-4cc2-8d9f-8b957f5d2875;SOAMU;00198;ESPN Mundial Colombia
17/6/2026;2026;Soccer;;ESPN Mundial;a7388a2b-b2d2-4472-9734-e4fc22c18343;SOAMU;00010;ESPN Mundial Argentina
17/6/2026;2026;Soccer;;ESPN Mundial;1b1b9c6b-a679-4e74-98cc-1ace4e90f11e;SOCMU;00009;ESPN Mundial Colombia
17/6/2026;2026;Soccer;;ESPN Mundial;1d3fb757-e77e-4a58-8c4c-1a2ff3f1fd8c;SOAMU;00248;ESPN
17/6/2026;2026;Soccer;;ESPN Mundial;a7388a2b-b2d2-4472-9734-e4fc22c18343;SOAMU;00010;Disney Plus ESPN Events
17/6/2026;2026;Soccer;;ESPN Mundial;0a0bdf1a-752e-4db1-bc26-47f109008526;SOAMU;00052;ESPN Mundial Argentina
17/6/2026;2026;Soccer;;ESPN Mundial;a7388a2b-b2d2-4472-9734-e4fc22c18343;SOAMU;00010;ESPN
17/6/2026;2026;Soccer;;ESPN Mundial;bcbce147-6b95-4988-a3d0-efaf1aa7ca46;SOAMU;00158;ESPN
17/6/2026;2026;Soccer;;ESPN Mundial;bcbce147-6b95-4988-a3d0-efaf1aa7ca46;SOAMU;00158;Disney Plus ESPN Events
17/6/2026;2026;Soccer;;ESPN Mundial;0a0bdf1a-752e-4db1-bc26-47f109008526;SOAMU;00052;ESPN
17/6/2026;2026;Soccer;;ESPN Mundial;0e38a1a8-7c40-4f3c-9cc4-f51898d644c6;SOCMU;00115;ESPN Mundial Colombia
17/6/2026;2026;Soccer;;ESPN Mundial;1b1b9c6b-a679-4e74-98cc-1ace4e90f11e;SOCMU;00009;Disney Plus ESPN Events
17/6/2026;2026;Soccer;;ESPN Mundial;35b5a88f-eb73-4d01-ab7a-bdbb5e5360a6;SOAMU;00279;ESPN
17/6/2026;2026;Soccer;;ESPN Mundial;a6a14274-acfe-4cc2-8d9f-8b957f5d2875;SOAMU;00198;ESPN Mundial Argentina
17/6/2026;2026;Soccer;;ESPN Mundial;0e38a1a8-7c40-4f3c-9cc4-f51898d644c6;SOCMU;00115;Disney Plus ESPN Events
17/6/2026;2026;Soccer;;ESPN Mundial;87345595-9ac9-46e9-a447-8de54e7a7c7c;SOCMU;00157;ESPN
17/6/2026;2026;Soccer;;ESPN Mundial;1b1b9c6b-a679-4e74-98cc-1ace4e90f11e;SOCMU;00009;ESPN
17/6/2026;2026;Soccer;;ESPN Mundial;47d28563-c370-4e49-8f55-9e758b5502c5;SOAMU;00247;ESPN
17/6/2026;2026;Soccer;;ESPN Mundial;a6a14274-acfe-4cc2-8d9f-8b957f5d2875;SOAMU;00198;ESPN
17/6/2026;2026;Soccer;;ESPN Mundial;a6a14274-acfe-4cc2-8d9f-8b957f5d2875;SOAMU;00198;Disney Plus ESPN Events
18/6/2026;2026;Soccer;;ESPN Mundial;3959598b-9450-4ef1-af4b-eabfb4e7f01d;SOAMU;00199;ESPN
18/6/2026;2026;Soccer;;ESPN Mundial;2d58980a-db85-4596-969c-53512a2f057a;SOAMU;00011;ESPN
18/6/2026;2026;Soccer;;ESPN Mundial;8d504d37-0fbb-4bae-a1f9-5f6a2d687d5a;SOCMU;00010;ESPN
18/6/2026;2026;Soccer;;ESPN Mundial;cdbf08fd-0b14-43c9-a1ac-3cf4fdc5a950;SOCMU;00116;ESPN Mundial Colombia
18/6/2026;2026;Soccer;;ESPN Mundial;23104278-34ab-49a2-8f71-e6e0ab2a69d2;SOAMU;00121;Disney Plus ESPN Events
18/6/2026;2026;Soccer;;ESPN Mundial;3959598b-9450-4ef1-af4b-eabfb4e7f01d;SOAMU;00199;ESPN Mundial Argentina
18/6/2026;2026;Soccer;;ESPN Mundial;52d4e5f4-b47a-4931-9f7e-50693e95c3b4;SOAMU;00280;ESPN
18/6/2026;2026;Soccer;;ESPN Mundial;23104278-34ab-49a2-8f71-e6e0ab2a69d2;SOAMU;00121;ESPN Mundial Argentina
18/6/2026;2026;Soccer;;ESPN Mundial;66d41b10-5e64-4772-b215-1d96d65d985c;SOAMU;00053;ESPN Mundial Argentina
18/6/2026;2026;Soccer;;ESPN Mundial;52d4e5f4-b47a-4931-9f7e-50693e95c3b4;SOAMU;00280;ESPN Mundial Argentina
18/6/2026;2026;Soccer;;ESPN Mundial;52d4e5f4-b47a-4931-9f7e-50693e95c3b4;SOAMU;00280;Disney Plus ESPN Events
18/6/2026;2026;Soccer;;ESPN Mundial;66d41b10-5e64-4772-b215-1d96d65d985c;SOAMU;00053;Disney Plus ESPN Events
18/6/2026;2026;Soccer;;ESPN Mundial;d250e6bf-a1f2-4022-8dee-5d2a73b806ac;SOAMU;00249;ESPN
18/6/2026;2026;Soccer;;ESPN Mundial;8d504d37-0fbb-4bae-a1f9-5f6a2d687d5a;SOCMU;00010;ESPN Mundial Colombia
18/6/2026;2026;Soccer;;ESPN Mundial;3959598b-9450-4ef1-af4b-eabfb4e7f01d;SOAMU;00199;Disney Plus ESPN Events
18/6/2026;2026;Soccer;;ESPN Mundial;eeaf2608-f02b-4bbf-aa14-fabbfb1b801a;SOCMU;00158;ESPN
18/6/2026;2026;Soccer;;ESPN Mundial;b24ba59d-9a0c-4d13-93e1-59b130e5722a;SOCMU;00159;ESPN
18/6/2026;2026;Soccer;;ESPN Mundial;9b83541b-c82a-496c-9f09-d00fed9bdb54;SOCMU;00078;ESPN Mundial Colombia
18/6/2026;2026;Soccer;;ESPN Mundial;cdbf08fd-0b14-43c9-a1ac-3cf4fdc5a950;SOCMU;00116;Disney Plus ESPN Events
18/6/2026;2026;Soccer;;ESPN Mundial;8d504d37-0fbb-4bae-a1f9-5f6a2d687d5a;SOCMU;00010;Disney Plus ESPN Events
18/6/2026;2026;Soccer;;ESPN Mundial;2d58980a-db85-4596-969c-53512a2f057a;SOAMU;00011;ESPN Mundial Argentina
18/6/2026;2026;Soccer;;ESPN Mundial;9b83541b-c82a-496c-9f09-d00fed9bdb54;SOCMU;00078;ESPN
18/6/2026;2026;Soccer;;ESPN Mundial;9b83541b-c82a-496c-9f09-d00fed9bdb54;SOCMU;00078;Disney Plus ESPN Events
18/6/2026;2026;Soccer;;ESPN Mundial;66d41b10-5e64-4772-b215-1d96d65d985c;SOAMU;00053;ESPN
18/6/2026;2026;Soccer;;ESPN Mundial;cdbf08fd-0b14-43c9-a1ac-3cf4fdc5a950;SOCMU;00116;ESPN
18/6/2026;2026;Soccer;;ESPN Mundial;23104278-34ab-49a2-8f71-e6e0ab2a69d2;SOAMU;00121;ESPN
18/6/2026;2026;Soccer;;ESPN Mundial;2d58980a-db85-4596-969c-53512a2f057a;SOAMU;00011;Disney Plus ESPN Events
19/6/2026;2026;Soccer;;ESPN Mundial;700f7046-3a16-49e6-8b6a-9df1c18ee093;SOAMU;00054;ESPN Mundial Argentina
19/6/2026;2026;Soccer;;ESPN Mundial;e4d674e2-acf8-4d17-b40a-3ed5ad51c582;SOAMU;00012;ESPN Mundial Argentina
19/6/2026;2026;Soccer;;ESPN Mundial;700f7046-3a16-49e6-8b6a-9df1c18ee093;SOAMU;00054;Disney Plus ESPN Events
19/6/2026;2026;Soccer;;ESPN Mundial;aa02a3be-76a9-4054-886e-26dc13e10093;SOCMU;00046;ESPN
19/6/2026;2026;Soccer;;ESPN Mundial;14b18768-0a5f-4ce7-9b64-5d2630a99779;SOAMU;00281;ESPN
19/6/2026;2026;Soccer;;ESPN Mundial;effa2f19-1be6-455a-9b48-90de5bc44d0c;SOAMU;00200;Disney Plus ESPN Events
19/6/2026;2026;Soccer;;ESPN Mundial;ec6165f4-55e8-45cc-aee7-52af44327555;SOAMU;00160;Disney Plus ESPN Events
19/6/2026;2026;Soccer;;ESPN Mundial;c1ddeea4-5148-4a86-bf10-11a5dffb39f4;SOCMU;00117;ESPN
19/6/2026;2026;Soccer;;ESPN Mundial;14b18768-0a5f-4ce7-9b64-5d2630a99779;SOAMU;00281;ESPN Mundial Argentina
19/6/2026;2026;Soccer;;ESPN Mundial;79dbd145-33ef-4660-9fc9-213cc76234c6;SOCMU;00079;Disney Plus ESPN Events
19/6/2026;2026;Soccer;;ESPN Mundial;b7ef262a-e408-4d81-82ed-58e74cd74661;SOCMU;00011;ESPN
19/6/2026;2026;Soccer;;ESPN Mundial;ec6165f4-55e8-45cc-aee7-52af44327555;SOAMU;00160;ESPN Mundial Argentina
19/6/2026;2026;Soccer;;ESPN Mundial;79dbd145-33ef-4660-9fc9-213cc76234c6;SOCMU;00079;ESPN
19/6/2026;2026;Soccer;;ESPN Mundial;b7ef262a-e408-4d81-82ed-58e74cd74661;SOCMU;00011;ESPN Mundial Colombia
19/6/2026;2026;Soccer;;ESPN Mundial;34687411-4c4a-454a-89ef-8199e08db466;SOAMU;00090;ESPN Mundial Argentina
19/6/2026;2026;Soccer;;ESPN Mundial;c1ddeea4-5148-4a86-bf10-11a5dffb39f4;SOCMU;00117;ESPN Mundial Colombia
19/6/2026;2026;Soccer;;ESPN Mundial;e4d674e2-acf8-4d17-b40a-3ed5ad51c582;SOAMU;00012;ESPN
19/6/2026;2026;Soccer;;ESPN Mundial;700f7046-3a16-49e6-8b6a-9df1c18ee093;SOAMU;00054;ESPN
19/6/2026;2026;Soccer;;ESPN Mundial;41da0c75-7390-466e-ba9d-db9361a88650;SOAMU;00250;ESPN
19/6/2026;2026;Soccer;;ESPN Mundial;effa2f19-1be6-455a-9b48-90de5bc44d0c;SOAMU;00200;ESPN
19/6/2026;2026;Soccer;;ESPN Mundial;e4d674e2-acf8-4d17-b40a-3ed5ad51c582;SOAMU;00012;Disney Plus ESPN Events
19/6/2026;2026;Soccer;;ESPN Mundial;34687411-4c4a-454a-89ef-8199e08db466;SOAMU;00090;Disney Plus ESPN Events
19/6/2026;2026;Soccer;;ESPN Mundial;aa02a3be-76a9-4054-886e-26dc13e10093;SOCMU;00046;Disney Plus ESPN Events
19/6/2026;2026;Soccer;;ESPN Mundial;aa02a3be-76a9-4054-886e-26dc13e10093;SOCMU;00046;ESPN Mundial Colombia
19/6/2026;2026;Soccer;;ESPN Mundial;c1ddeea4-5148-4a86-bf10-11a5dffb39f4;SOCMU;00117;Disney Plus ESPN Events
19/6/2026;2026;Soccer;;ESPN Mundial;34687411-4c4a-454a-89ef-8199e08db466;SOAMU;00090;ESPN
19/6/2026;2026;Soccer;;ESPN Mundial;ec6165f4-55e8-45cc-aee7-52af44327555;SOAMU;00160;ESPN
19/6/2026;2026;Soccer;;ESPN Mundial;effa2f19-1be6-455a-9b48-90de5bc44d0c;SOAMU;00200;ESPN Mundial Colombia
19/6/2026;2026;Soccer;;ESPN Mundial;79dbd145-33ef-4660-9fc9-213cc76234c6;SOCMU;00079;ESPN Mundial Colombia
19/6/2026;2026;Soccer;;ESPN Mundial;b7ef262a-e408-4d81-82ed-58e74cd74661;SOCMU;00011;Disney Plus ESPN Events
19/6/2026;2026;Soccer;;ESPN Mundial;14b18768-0a5f-4ce7-9b64-5d2630a99779;SOAMU;00281;Disney Plus ESPN Events
19/6/2026;2026;Soccer;;ESPN Mundial;effa2f19-1be6-455a-9b48-90de5bc44d0c;SOAMU;00200;ESPN Mundial Argentina
20/6/2026;2026;Soccer;;ESPN Mundial;597cd7c1-281d-4973-81fa-9ae2e3ecdc86;SOAMU;00282;ESPN Mundial Argentina
20/6/2026;2026;Soccer;;ESPN Mundial;8646b7a7-cc35-4df2-acbf-6b1d7bf4d440;SOCMU;00080;ESPN Mundial Colombia
20/6/2026;2026;Soccer;;ESPN Mundial;90a9cfcc-fd91-4972-b035-6ccdfc94818b;SOAMU;00201;Disney Plus ESPN Events
20/6/2026;2026;Soccer;;ESPN Mundial;88c3d36a-b1ba-45db-92c5-a13d7d178b8c;SOAMU;00122;ESPN Mundial Argentina
20/6/2026;2026;Soccer;;ESPN Mundial;8ae2b834-1c8d-4e55-944c-a8b352b46a8b;SOAMU;00055;ESPN Mundial Argentina
20/6/2026;2026;Soccer;;ESPN Mundial;b2b4d1f4-b902-4d3d-a43b-ee5993a34953;SOCMU;00012;ESPN Mundial Colombia
20/6/2026;2026;Soccer;;ESPN Mundial;9feb42c4-6366-4010-8527-5b97f2edb9be;SOCMU;00118;ESPN Mundial Colombia
20/6/2026;2026;Soccer;;ESPN Mundial;e392a7aa-5faa-4184-a5cd-aa1b47a200c9;SOAMU;00013;ESPN
20/6/2026;2026;Soccer;;ESPN Mundial;597cd7c1-281d-4973-81fa-9ae2e3ecdc86;SOAMU;00282;Disney Plus ESPN Events
20/6/2026;2026;Soccer;;ESPN Mundial;597cd7c1-281d-4973-81fa-9ae2e3ecdc86;SOAMU;00282;ESPN
20/6/2026;2026;Soccer;;ESPN Mundial;90a9cfcc-fd91-4972-b035-6ccdfc94818b;SOAMU;00201;ESPN Mundial Colombia
20/6/2026;2026;Soccer;;ESPN Mundial;90a9cfcc-fd91-4972-b035-6ccdfc94818b;SOAMU;00201;ESPN
20/6/2026;2026;Soccer;;ESPN Mundial;e392a7aa-5faa-4184-a5cd-aa1b47a200c9;SOAMU;00013;ESPN Mundial Argentina
20/6/2026;2026;Soccer;;ESPN Mundial;8646b7a7-cc35-4df2-acbf-6b1d7bf4d440;SOCMU;00080;Disney Plus ESPN Events
20/6/2026;2026;Soccer;;ESPN Mundial;88c3d36a-b1ba-45db-92c5-a13d7d178b8c;SOAMU;00122;Disney Plus ESPN Events
20/6/2026;2026;Soccer;;ESPN Mundial;9feb42c4-6366-4010-8527-5b97f2edb9be;SOCMU;00118;ESPN
20/6/2026;2026;Soccer;;ESPN Mundial;00e61a01-2d5f-4ff6-86e8-44e449656611;SOCMU;00161;ESPN
20/6/2026;2026;Soccer;;ESPN Mundial;b2b4d1f4-b902-4d3d-a43b-ee5993a34953;SOCMU;00012;Disney Plus ESPN Events
20/6/2026;2026;Soccer;;ESPN Mundial;90a9cfcc-fd91-4972-b035-6ccdfc94818b;SOAMU;00201;ESPN Mundial Argentina
20/6/2026;2026;Soccer;;ESPN Mundial;8646b7a7-cc35-4df2-acbf-6b1d7bf4d440;SOCMU;00080;ESPN
20/6/2026;2026;Soccer;;ESPN Mundial;e392a7aa-5faa-4184-a5cd-aa1b47a200c9;SOAMU;00013;Disney Plus ESPN Events
20/6/2026;2026;Soccer;;ESPN Mundial;f7bbe7db-820b-40b2-9619-991a3160fec7;SOCMU;00160;ESPN
20/6/2026;2026;Soccer;;ESPN Mundial;8ae2b834-1c8d-4e55-944c-a8b352b46a8b;SOAMU;00055;ESPN
20/6/2026;2026;Soccer;;ESPN Mundial;8ae2b834-1c8d-4e55-944c-a8b352b46a8b;SOAMU;00055;Disney Plus ESPN Events
20/6/2026;2026;Soccer;;ESPN Mundial;9feb42c4-6366-4010-8527-5b97f2edb9be;SOCMU;00118;Disney Plus ESPN Events
20/6/2026;2026;Soccer;;ESPN Mundial;88c3d36a-b1ba-45db-92c5-a13d7d178b8c;SOAMU;00122;ESPN
20/6/2026;2026;Soccer;;ESPN Mundial;5f923772-d710-453e-8a3b-28091db396cb;SOAMU;00251;ESPN
20/6/2026;2026;Soccer;;ESPN Mundial;b2b4d1f4-b902-4d3d-a43b-ee5993a34953;SOCMU;00012;ESPN
21/6/2026;2026;Soccer;;ESPN Mundial;23385c3c-d4f0-4209-951e-1117e30fe495;SOCMU;00162;ESPN
21/6/2026;2026;Soccer;;ESPN Mundial;e9ef7d0a-a092-4dcb-9f38-c0723834f5f6;SOAMU;00202;Disney Plus ESPN Events
21/6/2026;2026;Soccer;;ESPN Mundial;a70159c8-57b3-4367-be4e-b7b25507d295;SOAMU;00283;ESPN Mundial Argentina
21/6/2026;2026;Soccer;;ESPN Mundial;e9ef7d0a-a092-4dcb-9f38-c0723834f5f6;SOAMU;00202;ESPN Mundial Colombia
21/6/2026;2026;Soccer;;ESPN Mundial;a70159c8-57b3-4367-be4e-b7b25507d295;SOAMU;00283;ESPN
21/6/2026;2026;Soccer;;ESPN Mundial;e5b69878-949d-4823-bb91-397be9665c7c;SOAMU;00162;ESPN
21/6/2026;2026;Soccer;;ESPN Mundial;e5b69878-949d-4823-bb91-397be9665c7c;SOAMU;00162;ESPN Mundial Argentina
21/6/2026;2026;Soccer;;ESPN Mundial;e9ef7d0a-a092-4dcb-9f38-c0723834f5f6;SOAMU;00202;ESPN Mundial Argentina
21/6/2026;2026;Soccer;;ESPN Mundial;171b8119-d33e-48ef-9d90-8a16f297520a;SOCMU;00119;ESPN Mundial Colombia
21/6/2026;2026;Soccer;;ESPN Mundial;171b8119-d33e-48ef-9d90-8a16f297520a;SOCMU;00119;ESPN
21/6/2026;2026;Soccer;;ESPN Mundial;a70159c8-57b3-4367-be4e-b7b25507d295;SOAMU;00283;Disney Plus ESPN Events
21/6/2026;2026;Soccer;;ESPN Mundial;bd9ffcbb-87f6-4330-98ef-4b4e1944a27b;SOCMU;00163;ESPN
21/6/2026;2026;Soccer;;ESPN Mundial;e5b69878-949d-4823-bb91-397be9665c7c;SOAMU;00162;Disney Plus ESPN Events
21/6/2026;2026;Soccer;;ESPN Mundial;4f3bab71-6572-4f5a-9edc-6da321ea7ba4;SOAMU;00253;ESPN
21/6/2026;2026;Soccer;;ESPN Mundial;171b8119-d33e-48ef-9d90-8a16f297520a;SOCMU;00119;Disney Plus ESPN Events
21/6/2026;2026;Soccer;;ESPN Mundial;4f3bab71-6572-4f5a-9edc-6da321ea7ba4;SOAMU;00253;ESPN Mundial Argentina
21/6/2026;2026;Soccer;;ESPN Mundial;d7ef04e9-50f9-4b1b-9799-0de7199ba8a6;SOAMU;00252;ESPN
21/6/2026;2026;Soccer;;ESPN Mundial;e9ef7d0a-a092-4dcb-9f38-c0723834f5f6;SOAMU;00202;ESPN
22/6/2026;2026;Soccer;;ESPN Mundial;d3876b70-915b-43d8-89ed-d5918722eb3d;SOAMU;00203;ESPN Mundial Argentina
22/6/2026;2026;;;La Casa del Kun;a8c030f5-3b27-47cd-9fa6-629f08ba5b3b;TAKUN;00023;ESPN Mundial Colombia
22/6/2026;2026;Soccer;;ESPN Mundial;3fe17eaf-8232-4ca1-8912-b709d7d808a6;SOCMU;00047;ESPN
22/6/2026;2026;Soccer;;ESPN Mundial;d3876b70-915b-43d8-89ed-d5918722eb3d;SOAMU;00203;Disney Plus ESPN Events
22/6/2026;2026;Soccer;;ESPN Mundial;886332c5-d327-450b-947c-d8f6121adc4e;SOAMU;00284;ESPN Mundial Argentina
22/6/2026;2026;Soccer;;ESPN Mundial;cd37f862-aee6-4406-9438-6c131c649fec;SOAMU;00123;ESPN Mundial Argentina
22/6/2026;2026;Soccer;;ESPN Mundial;d3876b70-915b-43d8-89ed-d5918722eb3d;SOAMU;00203;ESPN
22/6/2026;2026;Soccer;;ESPN Mundial;cd37f862-aee6-4406-9438-6c131c649fec;SOAMU;00123;Disney Plus ESPN Events
22/6/2026;2026;Soccer;;ESPN Mundial;3fe17eaf-8232-4ca1-8912-b709d7d808a6;SOCMU;00047;Disney Plus ESPN Events
22/6/2026;2026;Soccer;;ESPN Mundial;2ebfecd1-76c8-4a13-8564-4fa9f8d5945c;SOCMU;00164;ESPN
22/6/2026;2026;;;La Casa del Kun;a8c030f5-3b27-47cd-9fa6-629f08ba5b3b;TAKUN;00023;ESPN Mundial Argentina
22/6/2026;2026;;;La Casa del Kun;242d44dc-292f-4a25-b665-f2f75304bf51;TAKUN;00029;Disney Plus ESPN Events
22/6/2026;2026;Soccer;;ESPN Mundial;886332c5-d327-450b-947c-d8f6121adc4e;SOAMU;00284;Disney Plus ESPN Events
22/6/2026;2026;Soccer;;ESPN Mundial;2605daa3-4166-441a-acdb-5f9acc5fda06;SOCMU;00013;ESPN Mundial Colombia
22/6/2026;2026;Soccer;;ESPN Mundial;3fe17eaf-8232-4ca1-8912-b709d7d808a6;SOCMU;00047;ESPN Mundial Colombia
22/6/2026;2026;Soccer;;ESPN Mundial;d3876b70-915b-43d8-89ed-d5918722eb3d;SOAMU;00203;ESPN Mundial Colombia
22/6/2026;2026;Soccer;;ESPN Mundial;886332c5-d327-450b-947c-d8f6121adc4e;SOAMU;00284;ESPN
22/6/2026;2026;;;La Casa del Kun;a8c030f5-3b27-47cd-9fa6-629f08ba5b3b;TAKUN;00023;ESPN
22/6/2026;2026;Soccer;;ESPN Mundial;2605daa3-4166-441a-acdb-5f9acc5fda06;SOCMU;00013;Disney Plus ESPN Events
22/6/2026;2026;Soccer;;ESPN Mundial;cd37f862-aee6-4406-9438-6c131c649fec;SOAMU;00123;ESPN
22/6/2026;2026;Soccer;;ESPN Mundial;6a36f776-73a7-4ffb-bd1b-ed0609147313;SOAMU;00254;ESPN
22/6/2026;2026;Soccer;;ESPN Mundial;2605daa3-4166-441a-acdb-5f9acc5fda06;SOCMU;00013;ESPN
22/6/2026;2026;;;La Casa del Kun;a8c030f5-3b27-47cd-9fa6-629f08ba5b3b;TAKUN;00023;Disney Plus ESPN Events
23/6/2026;2026;Soccer;;ESPN Mundial;2c419503-5889-47d1-869d-f706085496a9;SOAMU;00057;Disney Plus ESPN Events
23/6/2026;2026;Soccer;;ESPN Mundial;525080fc-5774-4aa1-bd0f-7f0d4483112e;SOCMU;00014;ESPN Mundial Colombia
23/6/2026;2026;Soccer;;ESPN Mundial;91c9ec61-6e99-4ce0-9784-87b7df6001ff;SOCMU;00048;ESPN
23/6/2026;2026;Soccer;;ESPN Mundial;91c9ec61-6e99-4ce0-9784-87b7df6001ff;SOCMU;00048;Disney Plus ESPN Events
23/6/2026;2026;Soccer;;ESPN Mundial;91c9ec61-6e99-4ce0-9784-87b7df6001ff;SOCMU;00048;ESPN Mundial Colombia
23/6/2026;2026;Soccer;;ESPN Mundial;525080fc-5774-4aa1-bd0f-7f0d4483112e;SOCMU;00014;ESPN
23/6/2026;2026;Soccer;;ESPN Mundial;8dd69d8a-e428-48f1-a396-ca0c951c91b2;SOCMU;00083;Disney Plus ESPN Events
23/6/2026;2026;Soccer;;ESPN Mundial;814e6264-2e65-4a9f-9588-5473fdcf2d88;SOAMU;00016;Disney Plus ESPN Events
23/6/2026;2026;Soccer;;ESPN Mundial;525080fc-5774-4aa1-bd0f-7f0d4483112e;SOCMU;00014;Disney Plus ESPN Events
23/6/2026;2026;Soccer;;ESPN Mundial;2d9bd9ec-a972-4611-aee2-a2022fbbf2d4;SOAMU;00255;ESPN
23/6/2026;2026;Soccer;;ESPN Mundial;2c419503-5889-47d1-869d-f706085496a9;SOAMU;00057;ESPN
23/6/2026;2026;Soccer;;ESPN Mundial;7d767f39-c3ff-4ee1-843c-5f0c66b8fa2e;SOAMU;00125;Disney Plus ESPN Events
23/6/2026;2026;Soccer;;ESPN Mundial;5f90c630-7936-4248-9184-99ad15dd0653;SOAMU;00285;ESPN Mundial Argentina
23/6/2026;2026;Soccer;;ESPN Mundial;814e6264-2e65-4a9f-9588-5473fdcf2d88;SOAMU;00016;ESPN
23/6/2026;2026;Soccer;;ESPN Mundial;814e6264-2e65-4a9f-9588-5473fdcf2d88;SOAMU;00016;ESPN Mundial Argentina
23/6/2026;2026;Soccer;;ESPN Mundial;d7565eda-7caa-42f5-bad0-4aca3673686e;SOAMU;00204;Disney Plus ESPN Events
23/6/2026;2026;Soccer;;ESPN Mundial;d7565eda-7caa-42f5-bad0-4aca3673686e;SOAMU;00204;ESPN Mundial Argentina
23/6/2026;2026;Soccer;;ESPN Mundial;5f90c630-7936-4248-9184-99ad15dd0653;SOAMU;00285;Disney Plus ESPN Events
23/6/2026;2026;Soccer;;ESPN Mundial;2c419503-5889-47d1-869d-f706085496a9;SOAMU;00057;ESPN Mundial Argentina
23/6/2026;2026;Soccer;;ESPN Mundial;5f90c630-7936-4248-9184-99ad15dd0653;SOAMU;00285;ESPN
23/6/2026;2026;Soccer;;ESPN Mundial;8dd69d8a-e428-48f1-a396-ca0c951c91b2;SOCMU;00083;ESPN
23/6/2026;2026;Soccer;;ESPN Mundial;d7565eda-7caa-42f5-bad0-4aca3673686e;SOAMU;00204;ESPN Mundial Colombia
23/6/2026;2026;Soccer;;ESPN Mundial;8dd69d8a-e428-48f1-a396-ca0c951c91b2;SOCMU;00083;ESPN Mundial Colombia
23/6/2026;2026;Soccer;;ESPN Mundial;7d767f39-c3ff-4ee1-843c-5f0c66b8fa2e;SOAMU;00125;ESPN
23/6/2026;2026;Soccer;;ESPN Mundial;d7565eda-7caa-42f5-bad0-4aca3673686e;SOAMU;00204;ESPN
23/6/2026;2026;Soccer;;ESPN Mundial;88e8d303-d5fd-437d-b47b-8f776bc2b875;SOAMU;00124;ESPN
23/6/2026;2026;Soccer;;ESPN Mundial;bef8b500-cfa6-40f6-a900-c87b8fbbcb1f;SOAMU;00256;ESPN
23/6/2026;2026;Soccer;;ESPN Mundial;7d767f39-c3ff-4ee1-843c-5f0c66b8fa2e;SOAMU;00125;ESPN Mundial Argentina
24/6/2026;2026;Soccer;;ESPN Mundial;07149db8-58fe-40ca-82b2-95627e1f05c8;SOAMU;00058;Disney Plus ESPN Events
24/6/2026;2026;Soccer;;ESPN Mundial;a2ef2c01-e6e5-4af8-850e-5781e1db52e9;SOAMU;00205;ESPN Mundial Argentina
24/6/2026;2026;Soccer;;ESPN Mundial;57dd1128-d81a-4624-84a5-c6b2b5acafc3;SOCMU;00049;Disney Plus ESPN Events
24/6/2026;2026;Soccer;;ESPN Mundial;3f7550b0-1b93-4482-9b60-0ae716571a7c;SOCMU;00166;ESPN
24/6/2026;2026;Soccer;;ESPN Mundial;bb21f0c4-150d-4c18-ab50-c50ee246aef3;SOAMU;00165;Disney Plus ESPN Events
24/6/2026;2026;Soccer;;ESPN Mundial;57dd1128-d81a-4624-84a5-c6b2b5acafc3;SOCMU;00049;ESPN
24/6/2026;2026;Soccer;;ESPN Mundial;aaf6684e-b32f-4330-87e7-013010d2914d;SOAMU;00286;ESPN Mundial Argentina
24/6/2026;2026;Soccer;;ESPN Mundial;0fcf0550-4377-4f1c-a4fa-dc37c32f1cfb;SOCMU;00015;Disney Plus ESPN Events
24/6/2026;2026;Soccer;;ESPN Mundial;aaf6684e-b32f-4330-87e7-013010d2914d;SOAMU;00286;Disney Plus ESPN Events
24/6/2026;2026;Soccer;;ESPN Mundial;f7ff31e1-e05e-40e3-ac25-f9af9ce5fa37;SOAMU;00017;ESPN Mundial Argentina
24/6/2026;2026;Soccer;;ESPN Mundial;bb21f0c4-150d-4c18-ab50-c50ee246aef3;SOAMU;00165;ESPN
24/6/2026;2026;Soccer;;ESPN Mundial;a2ef2c01-e6e5-4af8-850e-5781e1db52e9;SOAMU;00205;ESPN
24/6/2026;2026;Soccer;;ESPN Mundial;ca76088b-4520-4cd2-beb0-8bd046f05d3a;SOAMU;00093;ESPN
24/6/2026;2026;Soccer;;ESPN Mundial;aaf6684e-b32f-4330-87e7-013010d2914d;SOAMU;00286;ESPN
24/6/2026;2026;Soccer;;ESPN Mundial;0fcf0550-4377-4f1c-a4fa-dc37c32f1cfb;SOCMU;00015;ESPN
24/6/2026;2026;Soccer;;ESPN Mundial;07149db8-58fe-40ca-82b2-95627e1f05c8;SOAMU;00058;ESPN Mundial Argentina
24/6/2026;2026;Soccer;;ESPN Mundial;bb21f0c4-150d-4c18-ab50-c50ee246aef3;SOAMU;00165;ESPN Mundial Argentina
24/6/2026;2026;Soccer;;ESPN Mundial;f7ff31e1-e05e-40e3-ac25-f9af9ce5fa37;SOAMU;00017;Disney Plus ESPN Events
24/6/2026;2026;Soccer;;ESPN Mundial;0fcf0550-4377-4f1c-a4fa-dc37c32f1cfb;SOCMU;00015;ESPN Mundial Colombia
24/6/2026;2026;Soccer;;ESPN Mundial;422dfa11-4c4a-4e99-9451-a0d2f91b6e7e;SOAMU;00257;ESPN
24/6/2026;2026;Soccer;;ESPN Mundial;ca76088b-4520-4cd2-beb0-8bd046f05d3a;SOAMU;00093;ESPN Mundial Argentina
24/6/2026;2026;Soccer;;ESPN Mundial;6ec84358-fbf1-4727-b0d9-b87bfcafa0ca;SOCMU;00122;Disney Plus ESPN Events
24/6/2026;2026;Soccer;;ESPN Mundial;6ec84358-fbf1-4727-b0d9-b87bfcafa0ca;SOCMU;00122;ESPN
24/6/2026;2026;Soccer;;ESPN Mundial;0ae1d3c9-0372-4200-a7d9-81c4c330f16b;SOCMU;00165;ESPN
24/6/2026;2026;Soccer;;ESPN Mundial;a2ef2c01-e6e5-4af8-850e-5781e1db52e9;SOAMU;00205;Disney Plus ESPN Events
24/6/2026;2026;Soccer;;ESPN Mundial;57dd1128-d81a-4624-84a5-c6b2b5acafc3;SOCMU;00049;ESPN Mundial Colombia
24/6/2026;2026;Soccer;;ESPN Mundial;ca76088b-4520-4cd2-beb0-8bd046f05d3a;SOAMU;00093;Disney Plus ESPN Events
24/6/2026;2026;Soccer;;ESPN Mundial;f7ff31e1-e05e-40e3-ac25-f9af9ce5fa37;SOAMU;00017;ESPN
24/6/2026;2026;Soccer;;ESPN Mundial;07149db8-58fe-40ca-82b2-95627e1f05c8;SOAMU;00058;ESPN
24/6/2026;2026;Soccer;;ESPN Mundial;6ec84358-fbf1-4727-b0d9-b87bfcafa0ca;SOCMU;00122;ESPN Mundial Colombia
25/6/2026;2026;Soccer;;ESPN Mundial;3c58a562-a2c8-416f-8c57-42d94849281c;SOCMU;00167;ESPN
25/6/2026;2026;Soccer;;ESPN Mundial;eaf7fc39-52f4-4df4-96e6-1caade0f92e0;SOAMU;00126;Disney Plus ESPN Events
25/6/2026;2026;Soccer;;ESPN Mundial;cff1a8cb-969e-443f-9ab1-4584acd20040;SOCMU;00084;Disney Plus ESPN Events
25/6/2026;2026;Soccer;;ESPN Mundial;79f222b2-7ee4-46cd-a4b8-42cb35755d5a;SOAMU;00166;ESPN Mundial Argentina
25/6/2026;2026;Soccer;;ESPN Mundial;5da3bf13-7cdf-4631-baac-a543b28466b8;SOAMU;00018;ESPN
25/6/2026;2026;Soccer;;ESPN Mundial;eadfbf3e-9f29-4f27-bfaf-0d806c8e4ef8;SOCMU;00016;Disney Plus ESPN Events
25/6/2026;2026;Soccer;;ESPN Mundial;cff1a8cb-969e-443f-9ab1-4584acd20040;SOCMU;00084;ESPN Mundial Colombia
25/6/2026;2026;Soccer;;ESPN Mundial;5da3bf13-7cdf-4631-baac-a543b28466b8;SOAMU;00018;Disney Plus ESPN Events
25/6/2026;2026;Soccer;;ESPN Mundial;1e21eb46-ea75-4421-ac90-2f0e7fb8c146;SOAMU;00287;Disney Plus ESPN Events
25/6/2026;2026;Soccer;;ESPN Mundial;fe4b4547-4d52-4329-913d-48a6179f8b1d;SOAMU;00206;Disney Plus ESPN Events
25/6/2026;2026;Soccer;;ESPN Mundial;5da3bf13-7cdf-4631-baac-a543b28466b8;SOAMU;00018;ESPN Mundial Argentina
25/6/2026;2026;Soccer;;ESPN Mundial;fe4b4547-4d52-4329-913d-48a6179f8b1d;SOAMU;00206;ESPN Mundial Argentina
25/6/2026;2026;Soccer;;ESPN Mundial;b9a9d95d-9de4-417b-bd0b-bd26e89e6923;SOAMU;00059;ESPN Mundial Argentina
25/6/2026;2026;Soccer;;ESPN Mundial;fe4b4547-4d52-4329-913d-48a6179f8b1d;SOAMU;00206;ESPN Mundial Colombia
25/6/2026;2026;Soccer;;ESPN Mundial;79f222b2-7ee4-46cd-a4b8-42cb35755d5a;SOAMU;00166;Disney Plus ESPN Events
25/6/2026;2026;Soccer;;ESPN Mundial;eaf7fc39-52f4-4df4-96e6-1caade0f92e0;SOAMU;00126;ESPN Mundial Argentina
25/6/2026;2026;Soccer;;ESPN Mundial;1e21eb46-ea75-4421-ac90-2f0e7fb8c146;SOAMU;00287;ESPN Mundial Argentina
25/6/2026;2026;Soccer;;ESPN Mundial;653f3460-4189-4b04-a1e7-7fbef3c0bc35;SOAMU;00258;ESPN
25/6/2026;2026;Soccer;;ESPN Mundial;1e21eb46-ea75-4421-ac90-2f0e7fb8c146;SOAMU;00287;ESPN
25/6/2026;2026;Soccer;;ESPN Mundial;b9a9d95d-9de4-417b-bd0b-bd26e89e6923;SOAMU;00059;Disney Plus ESPN Events
25/6/2026;2026;Soccer;;ESPN Mundial;cff1a8cb-969e-443f-9ab1-4584acd20040;SOCMU;00084;ESPN
25/6/2026;2026;Soccer;;ESPN Mundial;57035bde-185c-415f-91d3-f29927daba20;SOCMU;00123;ESPN Mundial Colombia
25/6/2026;2026;Soccer;;ESPN Mundial;eadfbf3e-9f29-4f27-bfaf-0d806c8e4ef8;SOCMU;00016;ESPN
25/6/2026;2026;Soccer;;ESPN Mundial;57035bde-185c-415f-91d3-f29927daba20;SOCMU;00123;ESPN
25/6/2026;2026;Soccer;;ESPN Mundial;57035bde-185c-415f-91d3-f29927daba20;SOCMU;00123;Disney Plus ESPN Events
25/6/2026;2026;Soccer;;ESPN Mundial;79f222b2-7ee4-46cd-a4b8-42cb35755d5a;SOAMU;00166;ESPN
25/6/2026;2026;Soccer;;ESPN Mundial;eadfbf3e-9f29-4f27-bfaf-0d806c8e4ef8;SOCMU;00016;ESPN Mundial Colombia
25/6/2026;2026;Soccer;;ESPN Mundial;b9a9d95d-9de4-417b-bd0b-bd26e89e6923;SOAMU;00059;ESPN
25/6/2026;2026;Soccer;;ESPN Mundial;eaf7fc39-52f4-4df4-96e6-1caade0f92e0;SOAMU;00126;ESPN
25/6/2026;2026;Soccer;;ESPN Mundial;fe4b4547-4d52-4329-913d-48a6179f8b1d;SOAMU;00206;ESPN
26/6/2026;2026;Soccer;;ESPN Mundial;935119e4-d4b0-40b2-a051-dadc19b22a46;SOCMU;00050;ESPN Mundial Colombia
26/6/2026;2026;Soccer;;ESPN Mundial;9d4e0f91-8822-4a56-afde-9f2d1096130a;SOAMU;00019;ESPN
26/6/2026;2026;Soccer;;ESPN Mundial;eff6f837-6446-4bfb-979c-3e3ad48fb90b;SOCMU;00124;ESPN Mundial Colombia
26/6/2026;2026;Soccer;;ESPN Mundial;ef7130c0-889e-44c4-903d-71e95baf3965;SOAMU;00127;ESPN Mundial Argentina
26/6/2026;2026;Soccer;;ESPN Mundial;17a2de3c-6009-4292-a299-a334a79f6f6d;SOAMU;00207;ESPN Mundial Argentina
26/6/2026;2026;Soccer;;ESPN Mundial;ef7130c0-889e-44c4-903d-71e95baf3965;SOAMU;00127;ESPN
26/6/2026;2026;Soccer;;ESPN Mundial;24e14197-4647-4407-ab58-4d2e7582a95e;SOAMU;00060;ESPN Mundial Argentina
26/6/2026;2026;Soccer;;ESPN Mundial;fbd5443f-9d04-4b00-a26c-42ade07fbc95;SOCMU;00017;ESPN Mundial Colombia
26/6/2026;2026;Soccer;;ESPN Mundial;24e14197-4647-4407-ab58-4d2e7582a95e;SOAMU;00060;Disney Plus ESPN Events
26/6/2026;2026;Soccer;;ESPN Mundial;eff6f837-6446-4bfb-979c-3e3ad48fb90b;SOCMU;00124;Disney Plus ESPN Events
26/6/2026;2026;Soccer;;ESPN Mundial;ef7130c0-889e-44c4-903d-71e95baf3965;SOAMU;00127;Disney Plus ESPN Events
26/6/2026;2026;Soccer;;ESPN Mundial;21016782-739e-45a0-8230-74210ea49913;SOCMU;00085;Disney Plus ESPN Events
26/6/2026;2026;Soccer;;ESPN Mundial;935119e4-d4b0-40b2-a051-dadc19b22a46;SOCMU;00050;ESPN
26/6/2026;2026;Soccer;;ESPN Mundial;24e14197-4647-4407-ab58-4d2e7582a95e;SOAMU;00060;ESPN
26/6/2026;2026;Soccer;;ESPN Mundial;4f14f513-edd4-4ee9-9ae9-63902d1fd01f;SOAMU;00288;Disney Plus ESPN Events
26/6/2026;2026;Soccer;;ESPN Mundial;9d4e0f91-8822-4a56-afde-9f2d1096130a;SOAMU;00019;Disney Plus ESPN Events
26/6/2026;2026;Soccer;;ESPN Mundial;9d4e0f91-8822-4a56-afde-9f2d1096130a;SOAMU;00019;ESPN Mundial Argentina
26/6/2026;2026;Soccer;;ESPN Mundial;935119e4-d4b0-40b2-a051-dadc19b22a46;SOCMU;00050;Disney Plus ESPN Events
26/6/2026;2026;Soccer;;ESPN Mundial;a477ae69-dc1a-4eec-9b54-0225ebb6381e;SOCMU;00168;ESPN
26/6/2026;2026;Soccer;;ESPN Mundial;fbd5443f-9d04-4b00-a26c-42ade07fbc95;SOCMU;00017;ESPN
26/6/2026;2026;Soccer;;ESPN Mundial;4f14f513-edd4-4ee9-9ae9-63902d1fd01f;SOAMU;00288;ESPN
26/6/2026;2026;Soccer;;ESPN Mundial;eff6f837-6446-4bfb-979c-3e3ad48fb90b;SOCMU;00124;ESPN
26/6/2026;2026;Soccer;;ESPN Mundial;de89ff3d-a98a-445a-b51f-0ae33cd03db4;SOAMU;00261;ESPN
26/6/2026;2026;Soccer;;ESPN Mundial;17a2de3c-6009-4292-a299-a334a79f6f6d;SOAMU;00207;Disney Plus ESPN Events
26/6/2026;2026;Soccer;;ESPN Mundial;21016782-739e-45a0-8230-74210ea49913;SOCMU;00085;ESPN
26/6/2026;2026;Soccer;;ESPN Mundial;fbd5443f-9d04-4b00-a26c-42ade07fbc95;SOCMU;00017;Disney Plus ESPN Events
26/6/2026;2026;Soccer;;ESPN Mundial;17a2de3c-6009-4292-a299-a334a79f6f6d;SOAMU;00207;ESPN
26/6/2026;2026;Soccer;;ESPN Mundial;fe82482e-c4c9-4eb7-bf79-0601e302848d;SOAMU;00259;ESPN
26/6/2026;2026;Soccer;;ESPN Mundial;17a2de3c-6009-4292-a299-a334a79f6f6d;SOAMU;00207;ESPN Mundial Colombia
26/6/2026;2026;Soccer;;ESPN Mundial;21016782-739e-45a0-8230-74210ea49913;SOCMU;00085;ESPN Mundial Colombia
26/6/2026;2026;Soccer;;ESPN Mundial;4f14f513-edd4-4ee9-9ae9-63902d1fd01f;SOAMU;00288;ESPN Mundial Argentina
26/6/2026;2026;Soccer;;ESPN Mundial;d0c11dcc-aaf9-4452-b603-961fb95aab52;SOAMU;00260;ESPN
27/6/2026;2026;Soccer;;ESPN Mundial;dedc2d5e-c3ee-4d7e-ab0c-c8517ccfbb4d;SOAMU;00167;ESPN
27/6/2026;2026;Soccer;;ESPN Mundial;7cfb7e68-91f5-4375-8574-375f07ae28e9;SOCMU;00018;Disney Plus ESPN Events
27/6/2026;2026;Soccer;;ESPN Mundial;bbb09c10-3b0d-4e01-9857-7da1776f462f;SOCMU;00125;ESPN
27/6/2026;2026;Soccer;;ESPN Mundial;46bc3e35-63e2-4277-86b3-3b27f828e69d;SOAMU;00208;ESPN Mundial Colombia
27/6/2026;2026;Soccer;;ESPN Mundial;dedc2d5e-c3ee-4d7e-ab0c-c8517ccfbb4d;SOAMU;00167;ESPN Mundial Argentina
27/6/2026;2026;Soccer;;ESPN Mundial;bbb09c10-3b0d-4e01-9857-7da1776f462f;SOCMU;00125;ESPN Mundial Colombia
27/6/2026;2026;Soccer;;ESPN Mundial;7cfb7e68-91f5-4375-8574-375f07ae28e9;SOCMU;00018;ESPN Mundial Colombia
27/6/2026;2026;Soccer;;ESPN Mundial;a5c92e10-7c6a-4bdc-8174-03b54ea26ac1;SOAMU;00020;Disney Plus ESPN Events
27/6/2026;2026;Soccer;;ESPN Mundial;c6e9d8d8-6bad-413c-aa37-b73f8ecc3161;SOAMU;00094;ESPN Mundial Argentina
27/6/2026;2026;Soccer;;ESPN Mundial;7cfb7e68-91f5-4375-8574-375f07ae28e9;SOCMU;00018;ESPN
27/6/2026;2026;Soccer;;ESPN Mundial;46bc3e35-63e2-4277-86b3-3b27f828e69d;SOAMU;00208;ESPN Mundial Argentina
27/6/2026;2026;Soccer;;ESPN Mundial;a5c92e10-7c6a-4bdc-8174-03b54ea26ac1;SOAMU;00020;ESPN Mundial Argentina
27/6/2026;2026;Soccer;;ESPN Mundial;a5c92e10-7c6a-4bdc-8174-03b54ea26ac1;SOAMU;00020;ESPN
27/6/2026;2026;Soccer;;ESPN Mundial;c3f8770b-e796-4f91-b238-776730173c67;SOCMU;00051;ESPN
27/6/2026;2026;Soccer;;ESPN Mundial;83b24431-d2dd-4b0e-af33-4cc1ed662db3;SOAMU;00061;ESPN Mundial Argentina
27/6/2026;2026;Soccer;;ESPN Mundial;83b24431-d2dd-4b0e-af33-4cc1ed662db3;SOAMU;00061;ESPN
27/6/2026;2026;Soccer;;ESPN Mundial;c3f8770b-e796-4f91-b238-776730173c67;SOCMU;00051;ESPN Mundial Colombia
27/6/2026;2026;Soccer;;ESPN Mundial;fee559f3-59a3-463e-903f-e9c8a204e17d;SOAMU;00128;ESPN
27/6/2026;2026;Soccer;;ESPN Mundial;bbb09c10-3b0d-4e01-9857-7da1776f462f;SOCMU;00125;Disney Plus ESPN Events
27/6/2026;2026;Soccer;;ESPN Mundial;83b24431-d2dd-4b0e-af33-4cc1ed662db3;SOAMU;00061;Disney Plus ESPN Events
27/6/2026;2026;Soccer;;ESPN Mundial;fee559f3-59a3-463e-903f-e9c8a204e17d;SOAMU;00128;Disney Plus ESPN Events
27/6/2026;2026;Soccer;;ESPN Mundial;46bc3e35-63e2-4277-86b3-3b27f828e69d;SOAMU;00208;Disney Plus ESPN Events
27/6/2026;2026;Soccer;;ESPN Mundial;b0f482f0-60bd-4568-9944-c0e1004a148b;SOAMU;00289;ESPN Mundial Argentina
27/6/2026;2026;Soccer;;ESPN Mundial;b0f482f0-60bd-4568-9944-c0e1004a148b;SOAMU;00289;ESPN
27/6/2026;2026;Soccer;;ESPN Mundial;fee559f3-59a3-463e-903f-e9c8a204e17d;SOAMU;00128;ESPN Mundial Argentina
27/6/2026;2026;Soccer;;ESPN Mundial;b0f482f0-60bd-4568-9944-c0e1004a148b;SOAMU;00289;Disney Plus ESPN Events
27/6/2026;2026;Soccer;;ESPN Mundial;c3f8770b-e796-4f91-b238-776730173c67;SOCMU;00051;Disney Plus ESPN Events
27/6/2026;2026;Soccer;;ESPN Mundial;c6e9d8d8-6bad-413c-aa37-b73f8ecc3161;SOAMU;00094;ESPN
27/6/2026;2026;Soccer;;ESPN Mundial;72103643-1fae-455d-9ffd-c7abd9d6d69f;SOCMU;00169;ESPN
27/6/2026;2026;Soccer;;ESPN Mundial;c6e9d8d8-6bad-413c-aa37-b73f8ecc3161;SOAMU;00094;Disney Plus ESPN Events
27/6/2026;2026;Soccer;;ESPN Mundial;46bc3e35-63e2-4277-86b3-3b27f828e69d;SOAMU;00208;ESPN
27/6/2026;2026;Soccer;;ESPN Mundial;dedc2d5e-c3ee-4d7e-ab0c-c8517ccfbb4d;SOAMU;00167;Disney Plus ESPN Events
28/6/2026;2026;Soccer;;ESPN Mundial;d86712b2-3b23-4a94-8af6-a3442bb625d2;SOAMU;00209;ESPN Mundial Argentina
28/6/2026;2026;Soccer;;ESPN Mundial;370ca0a5-18e4-4990-9e5f-5802f69394d8;SOCMU;00086;ESPN
28/6/2026;2026;Soccer;;ESPN Mundial;d86712b2-3b23-4a94-8af6-a3442bb625d2;SOAMU;00209;Disney Plus ESPN Events
28/6/2026;2026;Soccer;;ESPN Mundial;ff8b9984-9085-4eb1-b987-095c5f3bdcb7;SOCMU;00126;Disney Plus ESPN Events
28/6/2026;2026;Soccer;;ESPN Mundial;6ef591c1-213b-489c-8c4c-cd8bf77e8c71;SOAMU;00062;ESPN Mundial Argentina
28/6/2026;2026;Soccer;;ESPN Mundial;2606a60b-e90a-44c6-9e0e-92ac93d0025c;SOAMU;00021;ESPN Mundial Argentina
28/6/2026;2026;Soccer;;ESPN Mundial;370ca0a5-18e4-4990-9e5f-5802f69394d8;SOCMU;00086;ESPN Mundial Colombia
28/6/2026;2026;Soccer;;ESPN Mundial;58ba6375-baab-4b0c-b1a1-0acae740391a;SOAMU;00129;ESPN Mundial Argentina
28/6/2026;2026;Soccer;;ESPN Mundial;6ef591c1-213b-489c-8c4c-cd8bf77e8c71;SOAMU;00062;Disney Plus ESPN Events
28/6/2026;2026;Soccer;;ESPN Mundial;2606a60b-e90a-44c6-9e0e-92ac93d0025c;SOAMU;00021;ESPN
28/6/2026;2026;Soccer;;ESPN Mundial;8475a523-c320-4d4a-8891-c860020da1b0;SOAMU;00095;ESPN Mundial Argentina
28/6/2026;2026;Soccer;;ESPN Mundial;3cdf1fe0-8ad7-4e81-8b98-9fd957cd4388;SOCMU;00019;ESPN
28/6/2026;2026;Soccer;;ESPN Mundial;58ba6375-baab-4b0c-b1a1-0acae740391a;SOAMU;00129;Disney Plus ESPN Events
28/6/2026;2026;Soccer;;ESPN Mundial;c372c96f-51a5-4a57-b332-4392aa81cbf0;SOCMU;00052;Disney Plus ESPN Events
28/6/2026;2026;Soccer;;ESPN Mundial;58ba6375-baab-4b0c-b1a1-0acae740391a;SOAMU;00129;ESPN
28/6/2026;2026;Soccer;;ESPN Mundial;d86712b2-3b23-4a94-8af6-a3442bb625d2;SOAMU;00209;ESPN
28/6/2026;2026;Soccer;;ESPN Mundial;370ca0a5-18e4-4990-9e5f-5802f69394d8;SOCMU;00086;Disney Plus ESPN Events
28/6/2026;2026;Soccer;;ESPN Mundial;c372c96f-51a5-4a57-b332-4392aa81cbf0;SOCMU;00052;ESPN
28/6/2026;2026;Soccer;;ESPN Mundial;2606a60b-e90a-44c6-9e0e-92ac93d0025c;SOAMU;00021;Disney Plus ESPN Events
28/6/2026;2026;Soccer;;ESPN Mundial;3cdf1fe0-8ad7-4e81-8b98-9fd957cd4388;SOCMU;00019;ESPN Mundial Colombia
28/6/2026;2026;Soccer;;ESPN Mundial;ff8b9984-9085-4eb1-b987-095c5f3bdcb7;SOCMU;00126;ESPN
28/6/2026;2026;Soccer;;ESPN Mundial;8475a523-c320-4d4a-8891-c860020da1b0;SOAMU;00095;Disney Plus ESPN Events
28/6/2026;2026;Soccer;;ESPN Mundial;4d5888db-4edd-4a9c-a774-7f29c0a249bb;SOCMU;00170;ESPN
28/6/2026;2026;Soccer;;ESPN Mundial;85bf7e8c-924b-471f-8193-3ee472325a63;SOAMU;00290;ESPN Mundial Argentina
28/6/2026;2026;Soccer;;ESPN Mundial;8475a523-c320-4d4a-8891-c860020da1b0;SOAMU;00095;ESPN
28/6/2026;2026;Soccer;;ESPN Mundial;3cdf1fe0-8ad7-4e81-8b98-9fd957cd4388;SOCMU;00019;Disney Plus ESPN Events
28/6/2026;2026;Soccer;;ESPN Mundial;6ef591c1-213b-489c-8c4c-cd8bf77e8c71;SOAMU;00062;ESPN
28/6/2026;2026;Soccer;;ESPN Mundial;ff8b9984-9085-4eb1-b987-095c5f3bdcb7;SOCMU;00126;ESPN Mundial Colombia
28/6/2026;2026;Soccer;;ESPN Mundial;c372c96f-51a5-4a57-b332-4392aa81cbf0;SOCMU;00052;ESPN Mundial Colombia
28/6/2026;2026;Soccer;;ESPN Mundial;15f5d178-6e4c-4317-b255-8ac623869a20;SOAMU;00262;ESPN
28/6/2026;2026;Soccer;;ESPN Mundial;85bf7e8c-924b-471f-8193-3ee472325a63;SOAMU;00290;Disney Plus ESPN Events
29/6/2026;2026;Soccer;;ESPN Mundial;ba7e8430-c4ae-4692-9eb0-246c316cc6a9;SOCMU;00087;ESPN Mundial Colombia
29/6/2026;2026;Soccer;;ESPN Mundial;1118ea8e-fdf9-4e72-9b96-ed64f20c56cf;SOAMU;00291;Disney Plus ESPN Events
29/6/2026;2026;Soccer;;ESPN Mundial;ba7e8430-c4ae-4692-9eb0-246c316cc6a9;SOCMU;00087;Disney Plus ESPN Events
29/6/2026;2026;Soccer;;ESPN Mundial;f82dcf00-f4f4-4351-8356-47254be01406;SOAMU;00096;Disney Plus ESPN Events
29/6/2026;2026;Soccer;;ESPN Mundial;492b66fd-cf1d-4729-899d-1bc171b2b3a3;SOCMU;00020;ESPN Mundial Colombia
29/6/2026;2026;Soccer;;ESPN Mundial;4cb5e7e4-bacf-4f63-afae-476b0af04d02;SOCMU;00053;ESPN
29/6/2026;2026;Soccer;;ESPN Mundial;ba7e8430-c4ae-4692-9eb0-246c316cc6a9;SOCMU;00087;ESPN
29/6/2026;2026;Soccer;;ESPN Mundial;1118ea8e-fdf9-4e72-9b96-ed64f20c56cf;SOAMU;00291;ESPN Mundial Argentina
29/6/2026;2026;Soccer;;ESPN Mundial;4cb5e7e4-bacf-4f63-afae-476b0af04d02;SOCMU;00053;Disney Plus ESPN Events
29/6/2026;2026;Soccer;;ESPN Mundial;166cf001-12d6-4cb0-be03-ec0431454c6c;SOAMU;00022;Disney Plus ESPN Events
29/6/2026;2026;Soccer;;ESPN Mundial;36ac7bf4-3dfd-4a51-8f5d-a6281093e0c4;SOAMU;00130;ESPN
29/6/2026;2026;Soccer;;ESPN Mundial;36ac7bf4-3dfd-4a51-8f5d-a6281093e0c4;SOAMU;00130;ESPN Mundial Argentina
29/6/2026;2026;Soccer;;ESPN Mundial;4dcb1ddb-137c-47ce-ac11-557a203dd33c;SOAMU;00210;ESPN Mundial Argentina
29/6/2026;2026;;;La Casa del Kun;f555e693-efc2-4baa-bfcf-cf2963f01d93;TAKUN;00030;Disney Plus ESPN Events
29/6/2026;2026;Soccer;;ESPN Mundial;492b66fd-cf1d-4729-899d-1bc171b2b3a3;SOCMU;00020;ESPN
29/6/2026;2026;Soccer;;ESPN Mundial;36ac7bf4-3dfd-4a51-8f5d-a6281093e0c4;SOAMU;00130;Disney Plus ESPN Events
29/6/2026;2026;Soccer;;ESPN Mundial;4dcb1ddb-137c-47ce-ac11-557a203dd33c;SOAMU;00210;Disney Plus ESPN Events
29/6/2026;2026;Soccer;;ESPN Mundial;a8bf5a97-8e37-49f8-b8f5-0ee124208786;SOCMU;00127;Disney Plus ESPN Events
29/6/2026;2026;Soccer;;ESPN Mundial;f82dcf00-f4f4-4351-8356-47254be01406;SOAMU;00096;ESPN Mundial Argentina
29/6/2026;2026;;;La Casa del Kun;d5287aa9-aed5-498a-a755-3bc3e746d50d;TAKUN;00024;ESPN Mundial Argentina
29/6/2026;2026;Soccer;;ESPN Mundial;a8bf5a97-8e37-49f8-b8f5-0ee124208786;SOCMU;00127;ESPN
29/6/2026;2026;Soccer;;ESPN Mundial;37f2ec88-3db5-4221-81fb-a963d0e1865b;SOAMU;00168;Disney Plus ESPN Events
29/6/2026;2026;Soccer;;ESPN Mundial;4cb5e7e4-bacf-4f63-afae-476b0af04d02;SOCMU;00053;ESPN Mundial Colombia
29/6/2026;2026;Soccer;;ESPN Mundial;a06fdeec-f09b-4a65-b1a1-071d2c5ff8ca;SOAMU;00063;Disney Plus ESPN Events
29/6/2026;2026;Soccer;;ESPN Mundial;37f2ec88-3db5-4221-81fb-a963d0e1865b;SOAMU;00168;ESPN Mundial Argentina
29/6/2026;2026;;;La Casa del Kun;d5287aa9-aed5-498a-a755-3bc3e746d50d;TAKUN;00024;Disney Plus ESPN Events
29/6/2026;2026;Soccer;;ESPN Mundial;4dcb1ddb-137c-47ce-ac11-557a203dd33c;SOAMU;00210;ESPN Mundial Colombia
29/6/2026;2026;Soccer;;ESPN Mundial;492b66fd-cf1d-4729-899d-1bc171b2b3a3;SOCMU;00020;Disney Plus ESPN Events
29/6/2026;2026;Soccer;;ESPN Mundial;a06fdeec-f09b-4a65-b1a1-071d2c5ff8ca;SOAMU;00063;ESPN
29/6/2026;2026;Soccer;;ESPN Mundial;166cf001-12d6-4cb0-be03-ec0431454c6c;SOAMU;00022;ESPN
29/6/2026;2026;Soccer;;ESPN Mundial;37f2ec88-3db5-4221-81fb-a963d0e1865b;SOAMU;00168;ESPN
29/6/2026;2026;Soccer;;ESPN Mundial;4dcb1ddb-137c-47ce-ac11-557a203dd33c;SOAMU;00210;ESPN
29/6/2026;2026;Soccer;;ESPN Mundial;a06fdeec-f09b-4a65-b1a1-071d2c5ff8ca;SOAMU;00063;ESPN Mundial Argentina
29/6/2026;2026;Soccer;;ESPN Mundial;a8bf5a97-8e37-49f8-b8f5-0ee124208786;SOCMU;00127;ESPN Mundial Colombia
29/6/2026;2026;;;La Casa del Kun;d5287aa9-aed5-498a-a755-3bc3e746d50d;TAKUN;00024;ESPN Mundial Colombia
29/6/2026;2026;Soccer;;ESPN Mundial;1118ea8e-fdf9-4e72-9b96-ed64f20c56cf;SOAMU;00291;ESPN
29/6/2026;2026;;;La Casa del Kun;d5287aa9-aed5-498a-a755-3bc3e746d50d;TAKUN;00024;ESPN
29/6/2026;2026;Soccer;;ESPN Mundial;166cf001-12d6-4cb0-be03-ec0431454c6c;SOAMU;00022;ESPN Mundial Argentina
29/6/2026;2026;Soccer;;ESPN Mundial;f82dcf00-f4f4-4351-8356-47254be01406;SOAMU;00096;ESPN
30/6/2026;2026;Soccer;;ESPN Mundial;120e6d91-c481-4e3c-ae87-3191273263d7;SOCMU;00088;Disney Plus ESPN Events
30/6/2026;2026;Soccer;;ESPN Mundial;9de880d0-1ff8-496e-a7df-104b8bccfed4;SOCMU;00021;ESPN Mundial Colombia
30/6/2026;2026;Soccer;;ESPN Mundial;cee79d50-dcaa-4705-969b-bdc97b6025b7;SOAMU;00023;Disney Plus ESPN Events
30/6/2026;2026;Soccer;;ESPN Mundial;9de880d0-1ff8-496e-a7df-104b8bccfed4;SOCMU;00021;ESPN
30/6/2026;2026;Soccer;;ESPN Mundial;094d5289-c57c-4933-838d-4de938a53fac;SOAMU;00131;ESPN Mundial Argentina
30/6/2026;2026;Soccer;;ESPN Mundial;781311a1-2402-4553-ad5b-7016055dbd7a;SOAMU;00292;Disney Plus ESPN Events
30/6/2026;2026;Soccer;;ESPN Mundial;cee79d50-dcaa-4705-969b-bdc97b6025b7;SOAMU;00023;ESPN Mundial Argentina
30/6/2026;2026;Soccer;;ESPN Mundial;e95df520-6507-43d8-854c-7f88ef12609e;SOAMU;00169;ESPN
30/6/2026;2026;Soccer;;ESPN Mundial;cb033c37-9f0c-4a47-95ba-93857f2eaf7b;SOCMU;00128;ESPN
30/6/2026;2026;Soccer;;ESPN Mundial;d62c743c-7424-49c0-a6e6-4a511b86f1f1;SOAMU;00064;Disney Plus ESPN Events
30/6/2026;2026;Soccer;;ESPN Mundial;cb033c37-9f0c-4a47-95ba-93857f2eaf7b;SOCMU;00128;ESPN Mundial Colombia
30/6/2026;2026;Soccer;;ESPN Mundial;f6695dfb-ccb2-483f-b7c8-979f1f34cc72;SOAMU;00211;ESPN Mundial Colombia
30/6/2026;2026;Soccer;;ESPN Mundial;cf625ecc-eedc-460c-94c4-19e599e4c7b2;SOCMU;00054;ESPN
30/6/2026;2026;Soccer;;ESPN Mundial;cf625ecc-eedc-460c-94c4-19e599e4c7b2;SOCMU;00054;ESPN Mundial Colombia
30/6/2026;2026;Soccer;;ESPN Mundial;120e6d91-c481-4e3c-ae87-3191273263d7;SOCMU;00088;ESPN
30/6/2026;2026;Soccer;;ESPN Mundial;f6695dfb-ccb2-483f-b7c8-979f1f34cc72;SOAMU;00211;Disney Plus ESPN Events
30/6/2026;2026;Soccer;;ESPN Mundial;f6695dfb-ccb2-483f-b7c8-979f1f34cc72;SOAMU;00211;ESPN Mundial Argentina
30/6/2026;2026;Soccer;;ESPN Mundial;781311a1-2402-4553-ad5b-7016055dbd7a;SOAMU;00292;ESPN Mundial Argentina
30/6/2026;2026;Soccer;;ESPN Mundial;cb033c37-9f0c-4a47-95ba-93857f2eaf7b;SOCMU;00128;Disney Plus ESPN Events
30/6/2026;2026;Soccer;;ESPN Mundial;120e6d91-c481-4e3c-ae87-3191273263d7;SOCMU;00088;ESPN Mundial Colombia
30/6/2026;2026;Soccer;;ESPN Mundial;094d5289-c57c-4933-838d-4de938a53fac;SOAMU;00131;Disney Plus ESPN Events
30/6/2026;2026;Soccer;;ESPN Mundial;781311a1-2402-4553-ad5b-7016055dbd7a;SOAMU;00292;ESPN
30/6/2026;2026;Soccer;;ESPN Mundial;6ec7847b-4eee-4325-b607-3d87af96661b;SOAMU;00097;ESPN Mundial Argentina
30/6/2026;2026;Soccer;;ESPN Mundial;cf625ecc-eedc-460c-94c4-19e599e4c7b2;SOCMU;00054;Disney Plus ESPN Events
30/6/2026;2026;Soccer;;ESPN Mundial;f6695dfb-ccb2-483f-b7c8-979f1f34cc72;SOAMU;00211;ESPN
30/6/2026;2026;Soccer;;ESPN Mundial;d62c743c-7424-49c0-a6e6-4a511b86f1f1;SOAMU;00064;ESPN Mundial Argentina
30/6/2026;2026;Soccer;;ESPN Mundial;e95df520-6507-43d8-854c-7f88ef12609e;SOAMU;00169;Disney Plus ESPN Events
30/6/2026;2026;Soccer;;ESPN Mundial;9de880d0-1ff8-496e-a7df-104b8bccfed4;SOCMU;00021;Disney Plus ESPN Events
30/6/2026;2026;Soccer;;ESPN Mundial;6ec7847b-4eee-4325-b607-3d87af96661b;SOAMU;00097;ESPN
30/6/2026;2026;Soccer;;ESPN Mundial;d62c743c-7424-49c0-a6e6-4a511b86f1f1;SOAMU;00064;ESPN
30/6/2026;2026;Soccer;;ESPN Mundial;094d5289-c57c-4933-838d-4de938a53fac;SOAMU;00131;ESPN
30/6/2026;2026;Soccer;;ESPN Mundial;6ec7847b-4eee-4325-b607-3d87af96661b;SOAMU;00097;Disney Plus ESPN Events
30/6/2026;2026;Soccer;;ESPN Mundial;cee79d50-dcaa-4705-969b-bdc97b6025b7;SOAMU;00023;ESPN
30/6/2026;2026;Soccer;;ESPN Mundial;e95df520-6507-43d8-854c-7f88ef12609e;SOAMU;00169;ESPN Mundial Argentina
1/7/2026;2026;Soccer;;ESPN Mundial;a901f063-23bc-4965-8f70-27f3d1e09b5c;SOAMU;00024;ESPN Mundial Argentina
1/7/2026;2026;Soccer;;ESPN Mundial;98f17dc5-a0c0-46c1-926a-68c0374507a9;SOAMU;00065;Disney Plus ESPN Events
1/7/2026;2026;Soccer;;ESPN Mundial;25dc7a1b-594d-4b70-b18a-12ff90a72bd6;SOCMU;00022;ESPN Mundial Colombia
1/7/2026;2026;Soccer;;ESPN Mundial;33e987b1-e426-466c-b70f-88737b7446e4;SOCMU;00089;ESPN
1/7/2026;2026;Soccer;;ESPN Mundial;6641ab17-d028-4faf-ac8b-fa1d6c493752;SOAMU;00132;Disney Plus ESPN Events
1/7/2026;2026;Soccer;;ESPN Mundial;34708433-f5cc-40a7-909b-c157753fd68e;SOCMU;00055;ESPN Mundial Colombia
1/7/2026;2026;Soccer;;ESPN Mundial;29692854-1959-488f-86c4-7292f413f6fa;SOAMU;00170;Disney Plus ESPN Events
1/7/2026;2026;Soccer;;ESPN Mundial;b2a85237-8645-4fc2-8f19-e18cb65f0ffb;SOAMU;00293;Disney Plus ESPN Events
1/7/2026;2026;Soccer;;ESPN Mundial;33e987b1-e426-466c-b70f-88737b7446e4;SOCMU;00089;ESPN Mundial Colombia
1/7/2026;2026;Soccer;;ESPN Mundial;c2d3e39e-f7fc-4b01-b00c-0822edac887c;SOCMU;00129;ESPN
1/7/2026;2026;Soccer;;ESPN Mundial;a901f063-23bc-4965-8f70-27f3d1e09b5c;SOAMU;00024;Disney Plus ESPN Events
1/7/2026;2026;Soccer;;ESPN Mundial;29692854-1959-488f-86c4-7292f413f6fa;SOAMU;00170;ESPN Mundial Argentina
1/7/2026;2026;Soccer;;ESPN Mundial;a901f063-23bc-4965-8f70-27f3d1e09b5c;SOAMU;00024;ESPN
1/7/2026;2026;Soccer;;ESPN Mundial;25dc7a1b-594d-4b70-b18a-12ff90a72bd6;SOCMU;00022;ESPN
1/7/2026;2026;Soccer;;ESPN Mundial;eddb37ff-7942-4af6-9e8c-1246b7f06be5;SOAMU;00212;ESPN Mundial Colombia
1/7/2026;2026;Soccer;;ESPN Mundial;08d2be99-7a35-48c4-8e2c-4f70f198baba;SOAMU;00098;ESPN Mundial Argentina
1/7/2026;2026;Soccer;;ESPN Mundial;eddb37ff-7942-4af6-9e8c-1246b7f06be5;SOAMU;00212;ESPN Mundial Argentina
1/7/2026;2026;Soccer;;ESPN Mundial;eddb37ff-7942-4af6-9e8c-1246b7f06be5;SOAMU;00212;Disney Plus ESPN Events
1/7/2026;2026;Soccer;;ESPN Mundial;c2d3e39e-f7fc-4b01-b00c-0822edac887c;SOCMU;00129;ESPN Mundial Colombia
1/7/2026;2026;Soccer;;ESPN Mundial;08d2be99-7a35-48c4-8e2c-4f70f198baba;SOAMU;00098;ESPN
1/7/2026;2026;Soccer;;ESPN Mundial;29692854-1959-488f-86c4-7292f413f6fa;SOAMU;00170;ESPN
1/7/2026;2026;Soccer;;ESPN Mundial;6641ab17-d028-4faf-ac8b-fa1d6c493752;SOAMU;00132;ESPN
1/7/2026;2026;Soccer;;ESPN Mundial;08d2be99-7a35-48c4-8e2c-4f70f198baba;SOAMU;00098;Disney Plus ESPN Events
1/7/2026;2026;Soccer;;ESPN Mundial;34708433-f5cc-40a7-909b-c157753fd68e;SOCMU;00055;Disney Plus ESPN Events
1/7/2026;2026;Soccer;;ESPN Mundial;98f17dc5-a0c0-46c1-926a-68c0374507a9;SOAMU;00065;ESPN Mundial Argentina
1/7/2026;2026;Soccer;;ESPN Mundial;34708433-f5cc-40a7-909b-c157753fd68e;SOCMU;00055;ESPN
1/7/2026;2026;Soccer;;ESPN Mundial;b2a85237-8645-4fc2-8f19-e18cb65f0ffb;SOAMU;00293;ESPN
1/7/2026;2026;Soccer;;ESPN Mundial;98f17dc5-a0c0-46c1-926a-68c0374507a9;SOAMU;00065;ESPN
1/7/2026;2026;Soccer;;ESPN Mundial;6641ab17-d028-4faf-ac8b-fa1d6c493752;SOAMU;00132;ESPN Mundial Argentina
1/7/2026;2026;Soccer;;ESPN Mundial;33e987b1-e426-466c-b70f-88737b7446e4;SOCMU;00089;Disney Plus ESPN Events
1/7/2026;2026;Soccer;;ESPN Mundial;eddb37ff-7942-4af6-9e8c-1246b7f06be5;SOAMU;00212;ESPN
1/7/2026;2026;Soccer;;ESPN Mundial;b2a85237-8645-4fc2-8f19-e18cb65f0ffb;SOAMU;00293;ESPN Mundial Argentina
2/7/2026;2026;Soccer;;ESPN Mundial;ea44cd4e-028f-4e2f-a57f-dff4203f1f7d;SOAMU;00066;ESPN
2/7/2026;2026;Soccer;;ESPN Mundial;8fe0d97e-9bbc-47a4-ad3a-ed040d5991fc;SOCMU;00056;ESPN
2/7/2026;2026;Soccer;;ESPN Mundial;7969e9ac-63b4-4c5f-9243-1b768e614815;SOCMU;00090;ESPN Mundial Colombia
2/7/2026;2026;Soccer;;ESPN Mundial;8641d812-2ed9-4073-8d64-8299ccf16224;SOAMU;00099;Disney Plus ESPN Events
2/7/2026;2026;Soccer;;ESPN Mundial;cae33abb-d289-497c-9d02-9a7243522cc7;SOAMU;00025;Disney Plus ESPN Events
2/7/2026;2026;Soccer;;ESPN Mundial;9cc8f34d-76c4-4269-9e10-c15dda3ab1f3;SOCMU;00023;ESPN
2/7/2026;2026;Soccer;;ESPN Mundial;4fefda7e-c859-45c4-b23a-91150f6bb930;SOCMU;00130;ESPN
2/7/2026;2026;Soccer;;ESPN Mundial;ea44cd4e-028f-4e2f-a57f-dff4203f1f7d;SOAMU;00066;Disney Plus ESPN Events
2/7/2026;2026;Soccer;;ESPN Mundial;11a7f670-d25e-4d37-b6a6-4cb436b75da3;SOAMU;00133;Disney Plus ESPN Events
2/7/2026;2026;Soccer;;ESPN Mundial;bf803aa5-f39d-483f-b79c-2c8354e7d99f;SOAMU;00171;Disney Plus ESPN Events
2/7/2026;2026;Soccer;;ESPN Mundial;3ece8b62-7f03-4014-9fd7-7b7124ee955a;SOAMU;00213;ESPN Mundial Argentina
2/7/2026;2026;Soccer;;ESPN Mundial;3ece8b62-7f03-4014-9fd7-7b7124ee955a;SOAMU;00213;ESPN
2/7/2026;2026;Soccer;;ESPN Mundial;7969e9ac-63b4-4c5f-9243-1b768e614815;SOCMU;00090;ESPN
2/7/2026;2026;Soccer;;ESPN Mundial;ea44cd4e-028f-4e2f-a57f-dff4203f1f7d;SOAMU;00066;ESPN Mundial Argentina
2/7/2026;2026;Soccer;;ESPN Mundial;95d63ca2-d0cc-4e26-9f41-7f38e9ef614b;SOAMU;00294;Disney Plus ESPN Events
2/7/2026;2026;Soccer;;ESPN Mundial;95d63ca2-d0cc-4e26-9f41-7f38e9ef614b;SOAMU;00294;ESPN
2/7/2026;2026;Soccer;;ESPN Mundial;8641d812-2ed9-4073-8d64-8299ccf16224;SOAMU;00099;ESPN Mundial Argentina
2/7/2026;2026;Soccer;;ESPN Mundial;cae33abb-d289-497c-9d02-9a7243522cc7;SOAMU;00025;ESPN
2/7/2026;2026;Soccer;;ESPN Mundial;4fefda7e-c859-45c4-b23a-91150f6bb930;SOCMU;00130;ESPN Mundial Colombia
2/7/2026;2026;Soccer;;ESPN Mundial;95d63ca2-d0cc-4e26-9f41-7f38e9ef614b;SOAMU;00294;ESPN Mundial Argentina
2/7/2026;2026;Soccer;;ESPN Mundial;11a7f670-d25e-4d37-b6a6-4cb436b75da3;SOAMU;00133;ESPN
2/7/2026;2026;Soccer;;ESPN Mundial;3ece8b62-7f03-4014-9fd7-7b7124ee955a;SOAMU;00213;ESPN Mundial Colombia
2/7/2026;2026;Soccer;;ESPN Mundial;9cc8f34d-76c4-4269-9e10-c15dda3ab1f3;SOCMU;00023;ESPN Mundial Colombia
2/7/2026;2026;Soccer;;ESPN Mundial;cae33abb-d289-497c-9d02-9a7243522cc7;SOAMU;00025;ESPN Mundial Argentina
2/7/2026;2026;Soccer;;ESPN Mundial;11a7f670-d25e-4d37-b6a6-4cb436b75da3;SOAMU;00133;ESPN Mundial Argentina
2/7/2026;2026;Soccer;;ESPN Mundial;8fe0d97e-9bbc-47a4-ad3a-ed040d5991fc;SOCMU;00056;ESPN Mundial Colombia
2/7/2026;2026;Soccer;;ESPN Mundial;8641d812-2ed9-4073-8d64-8299ccf16224;SOAMU;00099;ESPN
2/7/2026;2026;Soccer;;ESPN Mundial;3ece8b62-7f03-4014-9fd7-7b7124ee955a;SOAMU;00213;Disney Plus ESPN Events
2/7/2026;2026;Soccer;;ESPN Mundial;bf803aa5-f39d-483f-b79c-2c8354e7d99f;SOAMU;00171;ESPN
2/7/2026;2026;Soccer;;ESPN Mundial;bf803aa5-f39d-483f-b79c-2c8354e7d99f;SOAMU;00171;ESPN Mundial Argentina
3/7/2026;2026;Soccer;;ESPN Mundial;84380781-b748-410b-821b-683e29c7a011;SOAMU;00026;Disney Plus ESPN Events
3/7/2026;2026;Soccer;;ESPN Mundial;4121daa7-4c3a-4835-861a-7a429287d612;SOAMU;00172;Disney Plus ESPN Events
3/7/2026;2026;Soccer;;ESPN Mundial;c4fc8aec-e383-4e86-bd40-634eed3dfdf6;SOAMU;00100;ESPN Mundial Argentina
3/7/2026;2026;Soccer;;ESPN Mundial;c6d8fb5f-6ccf-478d-a7cd-ef1b8219ffab;SOAMU;00134;ESPN Mundial Argentina
3/7/2026;2026;Soccer;;ESPN Mundial;afbe4f0a-81a3-462b-a8c2-64eeaa0acdb8;SOAMU;00067;Disney Plus ESPN Events
3/7/2026;2026;Soccer;;ESPN Mundial;76264013-a117-448a-87a0-aa8b7e7d2111;SOCMU;00131;ESPN Mundial Colombia
3/7/2026;2026;Soccer;;ESPN Mundial;6640a9f9-9770-45b6-9cb7-4b5151b35dc3;SOAMU;00295;Disney Plus ESPN Events
3/7/2026;2026;Soccer;;ESPN Mundial;a4bc781d-7f4a-4464-b2cf-c92e986ffdeb;SOCMU;00091;ESPN Mundial Colombia
3/7/2026;2026;Soccer;;ESPN Mundial;c4fc8aec-e383-4e86-bd40-634eed3dfdf6;SOAMU;00100;ESPN
3/7/2026;2026;Soccer;;ESPN Mundial;c69caea1-806c-4bd4-a23e-6b80b0102bef;SOAMU;00214;ESPN Mundial Argentina
3/7/2026;2026;Soccer;;ESPN Mundial;6640a9f9-9770-45b6-9cb7-4b5151b35dc3;SOAMU;00295;ESPN Mundial Argentina
3/7/2026;2026;Soccer;;ESPN Mundial;a4bc781d-7f4a-4464-b2cf-c92e986ffdeb;SOCMU;00091;ESPN
3/7/2026;2026;Soccer;;ESPN Mundial;c69caea1-806c-4bd4-a23e-6b80b0102bef;SOAMU;00214;ESPN
3/7/2026;2026;Soccer;;ESPN Mundial;afbe4f0a-81a3-462b-a8c2-64eeaa0acdb8;SOAMU;00067;ESPN
3/7/2026;2026;Soccer;;ESPN Mundial;84380781-b748-410b-821b-683e29c7a011;SOAMU;00026;ESPN
3/7/2026;2026;Soccer;;ESPN Mundial;c69caea1-806c-4bd4-a23e-6b80b0102bef;SOAMU;00214;ESPN Mundial Colombia
3/7/2026;2026;Soccer;;ESPN Mundial;e766e744-f789-475d-9821-9b7e7fb8d90e;SOCMU;00024;ESPN
3/7/2026;2026;Soccer;;ESPN Mundial;4121daa7-4c3a-4835-861a-7a429287d612;SOAMU;00172;ESPN Mundial Argentina
3/7/2026;2026;Soccer;;ESPN Mundial;599c2cc4-d2e7-4f22-9c3f-3f7d4c69f965;SOCMU;00057;ESPN
3/7/2026;2026;Soccer;;ESPN Mundial;c69caea1-806c-4bd4-a23e-6b80b0102bef;SOAMU;00214;Disney Plus ESPN Events
3/7/2026;2026;Soccer;;ESPN Mundial;76264013-a117-448a-87a0-aa8b7e7d2111;SOCMU;00131;ESPN
3/7/2026;2026;Soccer;;ESPN Mundial;c6d8fb5f-6ccf-478d-a7cd-ef1b8219ffab;SOAMU;00134;Disney Plus ESPN Events
3/7/2026;2026;Soccer;;ESPN Mundial;6640a9f9-9770-45b6-9cb7-4b5151b35dc3;SOAMU;00295;ESPN
3/7/2026;2026;Soccer;;ESPN Mundial;599c2cc4-d2e7-4f22-9c3f-3f7d4c69f965;SOCMU;00057;ESPN Mundial Colombia
3/7/2026;2026;Soccer;;ESPN Mundial;afbe4f0a-81a3-462b-a8c2-64eeaa0acdb8;SOAMU;00067;ESPN Mundial Argentina
3/7/2026;2026;Soccer;;ESPN Mundial;e766e744-f789-475d-9821-9b7e7fb8d90e;SOCMU;00024;ESPN Mundial Colombia
3/7/2026;2026;Soccer;;ESPN Mundial;c4fc8aec-e383-4e86-bd40-634eed3dfdf6;SOAMU;00100;Disney Plus ESPN Events
3/7/2026;2026;Soccer;;ESPN Mundial;84380781-b748-410b-821b-683e29c7a011;SOAMU;00026;ESPN Mundial Argentina
3/7/2026;2026;Soccer;;ESPN Mundial;c6d8fb5f-6ccf-478d-a7cd-ef1b8219ffab;SOAMU;00134;ESPN
3/7/2026;2026;Soccer;;ESPN Mundial;4121daa7-4c3a-4835-861a-7a429287d612;SOAMU;00172;ESPN
4/7/2026;2026;Soccer;;ESPN Mundial;c4115725-d8f4-46c8-b704-28c95c7ab607;SOAMU;00215;ESPN Mundial Argentina
4/7/2026;2026;Soccer;;ESPN Mundial;53bdeb32-98e9-4e46-8ce3-9432866bcbc2;SOAMU;00296;ESPN Mundial Argentina
4/7/2026;2026;Soccer;;ESPN Mundial;12330a2b-0f88-4c52-9d6e-eb0ba9c69f99;SOAMU;00173;ESPN
4/7/2026;2026;Soccer;;ESPN Mundial;5486f74e-3592-4e94-b647-08e15e9b6326;SOCMU;00025;ESPN
4/7/2026;2026;Soccer;;ESPN Mundial;b4079d8c-e0a2-4dea-8a1a-288143ec38d8;SOAMU;00027;Disney Plus ESPN Events
4/7/2026;2026;Soccer;;ESPN Mundial;f30902ed-bdb7-4c4f-874b-8a74f86af535;SOCMU;00058;ESPN
4/7/2026;2026;Soccer;;ESPN Mundial;b4079d8c-e0a2-4dea-8a1a-288143ec38d8;SOAMU;00027;ESPN Mundial Argentina
4/7/2026;2026;Soccer;;ESPN Mundial;53bdeb32-98e9-4e46-8ce3-9432866bcbc2;SOAMU;00296;ESPN
4/7/2026;2026;Soccer;;ESPN Mundial;12330a2b-0f88-4c52-9d6e-eb0ba9c69f99;SOAMU;00173;Disney Plus ESPN Events
4/7/2026;2026;Soccer;;ESPN Mundial;f30902ed-bdb7-4c4f-874b-8a74f86af535;SOCMU;00058;ESPN Mundial Colombia
4/7/2026;2026;Soccer;;ESPN Mundial;5486f74e-3592-4e94-b647-08e15e9b6326;SOCMU;00025;ESPN Mundial Colombia
4/7/2026;2026;Soccer;;ESPN Mundial;363c5d42-ee32-4eba-ba4f-85d4802153fa;SOCMU;00132;ESPN
4/7/2026;2026;Soccer;;ESPN Mundial;7043dffb-b0e4-4d03-b685-178cc8bde92d;SOCMU;00092;ESPN Mundial Colombia
4/7/2026;2026;Soccer;;ESPN Mundial;4a8d985a-323b-4e41-8565-8cf58f999e0f;SOAMU;00135;ESPN
4/7/2026;2026;Soccer;;ESPN Mundial;e21f6247-6447-4892-89d2-1c5a53a9eb23;SOAMU;00068;ESPN
4/7/2026;2026;Soccer;;ESPN Mundial;e21f6247-6447-4892-89d2-1c5a53a9eb23;SOAMU;00068;ESPN Mundial Argentina
4/7/2026;2026;Soccer;;ESPN Mundial;580c995f-5c86-4dc4-9105-3a7cbcb1196d;SOAMU;00101;ESPN
4/7/2026;2026;Soccer;;ESPN Mundial;b4079d8c-e0a2-4dea-8a1a-288143ec38d8;SOAMU;00027;ESPN
4/7/2026;2026;Soccer;;ESPN Mundial;c4115725-d8f4-46c8-b704-28c95c7ab607;SOAMU;00215;Disney Plus ESPN Events
4/7/2026;2026;Soccer;;ESPN Mundial;4a8d985a-323b-4e41-8565-8cf58f999e0f;SOAMU;00135;Disney Plus ESPN Events
4/7/2026;2026;Soccer;;ESPN Mundial;4a8d985a-323b-4e41-8565-8cf58f999e0f;SOAMU;00135;ESPN Mundial Argentina
4/7/2026;2026;Soccer;;ESPN Mundial;c4115725-d8f4-46c8-b704-28c95c7ab607;SOAMU;00215;ESPN Mundial Colombia
4/7/2026;2026;Soccer;;ESPN Mundial;53bdeb32-98e9-4e46-8ce3-9432866bcbc2;SOAMU;00296;Disney Plus ESPN Events
4/7/2026;2026;Soccer;;ESPN Mundial;12330a2b-0f88-4c52-9d6e-eb0ba9c69f99;SOAMU;00173;ESPN Mundial Argentina
4/7/2026;2026;Soccer;;ESPN Mundial;7043dffb-b0e4-4d03-b685-178cc8bde92d;SOCMU;00092;ESPN
4/7/2026;2026;Soccer;;ESPN Mundial;580c995f-5c86-4dc4-9105-3a7cbcb1196d;SOAMU;00101;Disney Plus ESPN Events
4/7/2026;2026;Soccer;;ESPN Mundial;580c995f-5c86-4dc4-9105-3a7cbcb1196d;SOAMU;00101;ESPN Mundial Argentina
4/7/2026;2026;Soccer;;ESPN Mundial;e21f6247-6447-4892-89d2-1c5a53a9eb23;SOAMU;00068;Disney Plus ESPN Events
4/7/2026;2026;Soccer;;ESPN Mundial;c4115725-d8f4-46c8-b704-28c95c7ab607;SOAMU;00215;ESPN
4/7/2026;2026;Soccer;;ESPN Mundial;363c5d42-ee32-4eba-ba4f-85d4802153fa;SOCMU;00132;ESPN Mundial Colombia
5/7/2026;2026;Soccer;;ESPN Mundial;3b05cd8c-4cd9-4ec2-a919-9739ee444a1a;SOAMU;00136;ESPN Mundial Argentina
5/7/2026;2026;Soccer;;ESPN Mundial;94426853-7313-447d-ac74-2bd5b64fe562;SOCMU;00059;ESPN Mundial Colombia
5/7/2026;2026;Soccer;;ESPN Mundial;1516e3a0-cbb0-496b-a9f3-85c2d566ef94;SOAMU;00216;Disney Plus ESPN Events
5/7/2026;2026;Soccer;;ESPN Mundial;909c00c1-e150-4df2-a3e7-71d71a188d14;SOCMU;00133;ESPN Mundial Colombia
5/7/2026;2026;Soccer;;ESPN Mundial;8fd5ac1b-d027-4aed-884e-bc848ac4f8e4;SOAMU;00297;ESPN
5/7/2026;2026;Soccer;;ESPN Mundial;1516e3a0-cbb0-496b-a9f3-85c2d566ef94;SOAMU;00216;ESPN Mundial Colombia
5/7/2026;2026;Soccer;;ESPN Mundial;f4e69317-c67e-48d4-a7d1-618ffe78c70b;SOCMU;00093;ESPN Mundial Colombia
5/7/2026;2026;Soccer;;ESPN Mundial;509b3c27-a161-4fe2-a13c-2c943a5b930c;SOAMU;00069;Disney Plus ESPN Events
5/7/2026;2026;Soccer;;ESPN Mundial;94426853-7313-447d-ac74-2bd5b64fe562;SOCMU;00059;ESPN
5/7/2026;2026;Soccer;;ESPN Mundial;3b05cd8c-4cd9-4ec2-a919-9739ee444a1a;SOAMU;00136;ESPN
5/7/2026;2026;Soccer;;ESPN Mundial;8fd5ac1b-d027-4aed-884e-bc848ac4f8e4;SOAMU;00297;ESPN Mundial Argentina
5/7/2026;2026;Soccer;;ESPN Mundial;4be03f41-72b5-4752-ac83-f9a88e23a288;SOAMU;00174;Disney Plus ESPN Events
5/7/2026;2026;Soccer;;ESPN Mundial;3e8a482c-05eb-48fe-9c09-53063666e4b9;SOAMU;00028;ESPN Mundial Argentina
5/7/2026;2026;Soccer;;ESPN Mundial;8fd5ac1b-d027-4aed-884e-bc848ac4f8e4;SOAMU;00297;Disney Plus ESPN Events
5/7/2026;2026;Soccer;;ESPN Mundial;4be03f41-72b5-4752-ac83-f9a88e23a288;SOAMU;00174;ESPN
5/7/2026;2026;Soccer;;ESPN Mundial;1516e3a0-cbb0-496b-a9f3-85c2d566ef94;SOAMU;00216;ESPN Mundial Argentina
5/7/2026;2026;Soccer;;ESPN Mundial;61a2a163-6cd3-4145-853c-3af3c7a41e56;SOCMU;00026;ESPN Mundial Colombia
5/7/2026;2026;Soccer;;ESPN Mundial;909c00c1-e150-4df2-a3e7-71d71a188d14;SOCMU;00133;ESPN
5/7/2026;2026;Soccer;;ESPN Mundial;3e8a482c-05eb-48fe-9c09-53063666e4b9;SOAMU;00028;Disney Plus ESPN Events
5/7/2026;2026;Soccer;;ESPN Mundial;3b05cd8c-4cd9-4ec2-a919-9739ee444a1a;SOAMU;00136;Disney Plus ESPN Events
5/7/2026;2026;Soccer;;ESPN Mundial;61a2a163-6cd3-4145-853c-3af3c7a41e56;SOCMU;00026;ESPN
5/7/2026;2026;Soccer;;ESPN Mundial;fb87e1b0-0f55-4065-b254-beb66af71985;SOAMU;00102;ESPN Mundial Argentina
5/7/2026;2026;Soccer;;ESPN Mundial;509b3c27-a161-4fe2-a13c-2c943a5b930c;SOAMU;00069;ESPN Mundial Argentina
5/7/2026;2026;Soccer;;ESPN Mundial;fb87e1b0-0f55-4065-b254-beb66af71985;SOAMU;00102;ESPN
5/7/2026;2026;Soccer;;ESPN Mundial;4be03f41-72b5-4752-ac83-f9a88e23a288;SOAMU;00174;ESPN Mundial Argentina
5/7/2026;2026;Soccer;;ESPN Mundial;f4e69317-c67e-48d4-a7d1-618ffe78c70b;SOCMU;00093;ESPN
5/7/2026;2026;Soccer;;ESPN Mundial;3e8a482c-05eb-48fe-9c09-53063666e4b9;SOAMU;00028;ESPN
5/7/2026;2026;Soccer;;ESPN Mundial;fb87e1b0-0f55-4065-b254-beb66af71985;SOAMU;00102;Disney Plus ESPN Events
5/7/2026;2026;Soccer;;ESPN Mundial;509b3c27-a161-4fe2-a13c-2c943a5b930c;SOAMU;00069;ESPN
5/7/2026;2026;Soccer;;ESPN Mundial;1516e3a0-cbb0-496b-a9f3-85c2d566ef94;SOAMU;00216;ESPN
6/7/2026;2026;Soccer;;ESPN Mundial;c7466487-4ddd-4bd7-9bad-1781818b6d59;SOAMU;00029;Disney Plus ESPN Events
6/7/2026;2026;Soccer;;ESPN Mundial;ef720cca-b3bb-4afc-bf3d-bea8d634ec24;SOCMU;00094;ESPN Mundial Colombia
6/7/2026;2026;Soccer;;ESPN Mundial;ebf4c3be-e1cb-4aec-a8ee-845b6bcd4d56;SOAMU;00298;Disney Plus ESPN Events
6/7/2026;2026;Soccer;;ESPN Mundial;c68b2595-0cdd-4b24-b240-a612d74392bb;SOAMU;00217;Disney Plus ESPN Events
6/7/2026;2026;Soccer;;ESPN Mundial;72b7acfe-17c8-4f1b-b161-b2614fe3ae6f;SOAMU;00137;Disney Plus ESPN Events
6/7/2026;2026;Soccer;;ESPN Mundial;1b06fd8d-21c1-48ba-a719-47620907fc5b;SOCMU;00060;ESPN
6/7/2026;2026;Soccer;;ESPN Mundial;ebf4c3be-e1cb-4aec-a8ee-845b6bcd4d56;SOAMU;00298;ESPN Mundial Argentina
6/7/2026;2026;Soccer;;ESPN Mundial;e890a104-4068-4f35-bfc7-a25f2ea13e17;SOAMU;00175;Disney Plus ESPN Events
6/7/2026;2026;Soccer;;ESPN Mundial;1b06fd8d-21c1-48ba-a719-47620907fc5b;SOCMU;00060;ESPN Mundial Colombia
6/7/2026;2026;;;La Casa del Kun;28ac5dcc-10d0-4bdf-aa63-c5ab246aefd6;TAKUN;00025;Disney Plus ESPN Events
6/7/2026;2026;Soccer;;ESPN Mundial;e890a104-4068-4f35-bfc7-a25f2ea13e17;SOAMU;00175;ESPN Mundial Argentina
6/7/2026;2026;Soccer;;ESPN Mundial;c7466487-4ddd-4bd7-9bad-1781818b6d59;SOAMU;00029;ESPN Mundial Argentina
6/7/2026;2026;Soccer;;ESPN Mundial;0708d70f-9dda-4f5c-b094-33db892638c7;SOCMU;00027;ESPN Mundial Colombia
6/7/2026;2026;Soccer;;ESPN Mundial;5fd08c26-6664-4270-b9d3-b3c5e9f859a4;SOAMU;00070;Disney Plus ESPN Events
6/7/2026;2026;Soccer;;ESPN Mundial;0708d70f-9dda-4f5c-b094-33db892638c7;SOCMU;00027;ESPN
6/7/2026;2026;Soccer;;ESPN Mundial;7a3b21be-8e8c-4f90-98b4-30210708b934;SOAMU;00103;ESPN Mundial Argentina
6/7/2026;2026;;;La Casa del Kun;8eddad96-f613-4cc1-a1be-bbc7a828df7b;TAKUN;00031;Disney Plus ESPN Events
6/7/2026;2026;Soccer;;ESPN Mundial;72b7acfe-17c8-4f1b-b161-b2614fe3ae6f;SOAMU;00137;ESPN
6/7/2026;2026;;;La Casa del Kun;28ac5dcc-10d0-4bdf-aa63-c5ab246aefd6;TAKUN;00025;ESPN Mundial Argentina
6/7/2026;2026;Soccer;;ESPN Mundial;feb11931-b7af-453c-8949-de34e6ed8fa5;SOCMU;00134;ESPN
6/7/2026;2026;Soccer;;ESPN Mundial;5fd08c26-6664-4270-b9d3-b3c5e9f859a4;SOAMU;00070;ESPN Mundial Argentina
6/7/2026;2026;Soccer;;ESPN Mundial;ef720cca-b3bb-4afc-bf3d-bea8d634ec24;SOCMU;00094;ESPN
6/7/2026;2026;Soccer;;ESPN Mundial;e890a104-4068-4f35-bfc7-a25f2ea13e17;SOAMU;00175;ESPN
6/7/2026;2026;Soccer;;ESPN Mundial;feb11931-b7af-453c-8949-de34e6ed8fa5;SOCMU;00134;ESPN Mundial Colombia
6/7/2026;2026;Soccer;;ESPN Mundial;c7466487-4ddd-4bd7-9bad-1781818b6d59;SOAMU;00029;ESPN
6/7/2026;2026;Soccer;;ESPN Mundial;7a3b21be-8e8c-4f90-98b4-30210708b934;SOAMU;00103;Disney Plus ESPN Events
6/7/2026;2026;Soccer;;ESPN Mundial;c68b2595-0cdd-4b24-b240-a612d74392bb;SOAMU;00217;ESPN Mundial Argentina
6/7/2026;2026;;;La Casa del Kun;28ac5dcc-10d0-4bdf-aa63-c5ab246aefd6;TAKUN;00025;ESPN
6/7/2026;2026;Soccer;;ESPN Mundial;7a3b21be-8e8c-4f90-98b4-30210708b934;SOAMU;00103;ESPN
6/7/2026;2026;Soccer;;ESPN Mundial;c68b2595-0cdd-4b24-b240-a612d74392bb;SOAMU;00217;ESPN
6/7/2026;2026;Soccer;;ESPN Mundial;c68b2595-0cdd-4b24-b240-a612d74392bb;SOAMU;00217;ESPN Mundial Colombia
6/7/2026;2026;;;La Casa del Kun;28ac5dcc-10d0-4bdf-aa63-c5ab246aefd6;TAKUN;00025;ESPN Mundial Colombia
6/7/2026;2026;Soccer;;ESPN Mundial;72b7acfe-17c8-4f1b-b161-b2614fe3ae6f;SOAMU;00137;ESPN Mundial Argentina
6/7/2026;2026;Soccer;;ESPN Mundial;ebf4c3be-e1cb-4aec-a8ee-845b6bcd4d56;SOAMU;00298;ESPN
6/7/2026;2026;Soccer;;ESPN Mundial;5fd08c26-6664-4270-b9d3-b3c5e9f859a4;SOAMU;00070;ESPN
7/7/2026;2026;Soccer;;ESPN Mundial;4bd9b2c1-f0ba-42cd-92df-65bfa39354da;SOCMU;00061;ESPN Mundial Colombia
7/7/2026;2026;Soccer;;ESPN Mundial;05149d81-be12-4d0a-84e1-78eb9e5bccfd;SOAMU;00104;ESPN Mundial Argentina
7/7/2026;2026;Soccer;;ESPN Mundial;0ce7ca9b-35ee-4730-bd24-6ce12246cd91;SOCMU;00135;ESPN
7/7/2026;2026;Soccer;;ESPN Mundial;cb8c61c6-9cb2-4034-bee7-6877e32b52bd;SOCMU;00028;ESPN Mundial Colombia
7/7/2026;2026;Soccer;;ESPN Mundial;b2f70c5b-ea7c-4016-afa1-8b6baeb42696;SOAMU;00138;Disney Plus ESPN Events
7/7/2026;2026;Soccer;;ESPN Mundial;4959926a-80b8-4ee9-a9ff-fd184ce2ab38;SOAMU;00299;ESPN
7/7/2026;2026;Soccer;;ESPN Mundial;8c361a2c-c309-4e46-afa2-4a63b9c3eae6;SOAMU;00030;Disney Plus ESPN Events
7/7/2026;2026;Soccer;;ESPN Mundial;4bd9b2c1-f0ba-42cd-92df-65bfa39354da;SOCMU;00061;ESPN
7/7/2026;2026;Soccer;;ESPN Mundial;e5b84149-4fe4-4ba1-ad05-ed31cde932f5;SOAMU;00218;ESPN Mundial Argentina
7/7/2026;2026;Soccer;;ESPN Mundial;4959926a-80b8-4ee9-a9ff-fd184ce2ab38;SOAMU;00299;Disney Plus ESPN Events
7/7/2026;2026;Soccer;;ESPN Mundial;cb8c61c6-9cb2-4034-bee7-6877e32b52bd;SOCMU;00028;ESPN
7/7/2026;2026;Soccer;;ESPN Mundial;638078c7-b9b3-49c7-b671-6c96d18eccba;SOCMU;00095;ESPN
7/7/2026;2026;Soccer;;ESPN Mundial;c9434d0b-fbb0-441f-96a7-c6bd2ee71326;SOAMU;00071;ESPN Mundial Argentina
7/7/2026;2026;Soccer;;ESPN Mundial;e5b84149-4fe4-4ba1-ad05-ed31cde932f5;SOAMU;00218;Disney Plus ESPN Events
7/7/2026;2026;Soccer;;ESPN Mundial;7d0dcade-0849-4a26-b35e-373543284681;SOAMU;00176;Disney Plus ESPN Events
7/7/2026;2026;Soccer;;ESPN Mundial;e5b84149-4fe4-4ba1-ad05-ed31cde932f5;SOAMU;00218;ESPN
7/7/2026;2026;Soccer;;ESPN Mundial;7d0dcade-0849-4a26-b35e-373543284681;SOAMU;00176;ESPN
7/7/2026;2026;Soccer;;ESPN Mundial;e5b84149-4fe4-4ba1-ad05-ed31cde932f5;SOAMU;00218;ESPN Mundial Colombia
7/7/2026;2026;Soccer;;ESPN Mundial;638078c7-b9b3-49c7-b671-6c96d18eccba;SOCMU;00095;ESPN Mundial Colombia
7/7/2026;2026;Soccer;;ESPN Mundial;c9434d0b-fbb0-441f-96a7-c6bd2ee71326;SOAMU;00071;Disney Plus ESPN Events
7/7/2026;2026;Soccer;;ESPN Mundial;7d0dcade-0849-4a26-b35e-373543284681;SOAMU;00176;ESPN Mundial Argentina
7/7/2026;2026;Soccer;;ESPN Mundial;8c361a2c-c309-4e46-afa2-4a63b9c3eae6;SOAMU;00030;ESPN Mundial Argentina
7/7/2026;2026;Soccer;;ESPN Mundial;05149d81-be12-4d0a-84e1-78eb9e5bccfd;SOAMU;00104;Disney Plus ESPN Events
7/7/2026;2026;Soccer;;ESPN Mundial;4959926a-80b8-4ee9-a9ff-fd184ce2ab38;SOAMU;00299;ESPN Mundial Argentina
7/7/2026;2026;Soccer;;ESPN Mundial;8c361a2c-c309-4e46-afa2-4a63b9c3eae6;SOAMU;00030;ESPN
7/7/2026;2026;Soccer;;ESPN Mundial;c9434d0b-fbb0-441f-96a7-c6bd2ee71326;SOAMU;00071;ESPN
7/7/2026;2026;Soccer;;ESPN Mundial;b2f70c5b-ea7c-4016-afa1-8b6baeb42696;SOAMU;00138;ESPN Mundial Argentina
7/7/2026;2026;Soccer;;ESPN Mundial;0ce7ca9b-35ee-4730-bd24-6ce12246cd91;SOCMU;00135;ESPN Mundial Colombia
7/7/2026;2026;Soccer;;ESPN Mundial;b2f70c5b-ea7c-4016-afa1-8b6baeb42696;SOAMU;00138;ESPN
7/7/2026;2026;Soccer;;ESPN Mundial;05149d81-be12-4d0a-84e1-78eb9e5bccfd;SOAMU;00104;ESPN
8/7/2026;2026;Soccer;;ESPN Mundial;fff8a53d-6320-4279-833c-f7a80b987d85;SOAMU;00177;Disney Plus ESPN Events
8/7/2026;2026;Soccer;;ESPN Mundial;64d75e5b-e63f-49de-ba2b-d13680b0300c;SOAMU;00031;ESPN
8/7/2026;2026;Soccer;;ESPN Mundial;dcd3bec8-a276-4f8f-8910-2e5230b335bd;SOAMU;00300;ESPN
8/7/2026;2026;Soccer;;ESPN Mundial;fff8a53d-6320-4279-833c-f7a80b987d85;SOAMU;00177;ESPN Mundial Argentina
8/7/2026;2026;Soccer;;ESPN Mundial;989b0439-2643-4fed-b02d-c1dc3daa6885;SOCMU;00136;ESPN Mundial Colombia
8/7/2026;2026;Soccer;;ESPN Mundial;64d75e5b-e63f-49de-ba2b-d13680b0300c;SOAMU;00031;ESPN Mundial Argentina
8/7/2026;2026;Soccer;;ESPN Mundial;fff8a53d-6320-4279-833c-f7a80b987d85;SOAMU;00177;ESPN
8/7/2026;2026;Soccer;;ESPN Mundial;dcd3bec8-a276-4f8f-8910-2e5230b335bd;SOAMU;00300;ESPN Mundial Argentina
8/7/2026;2026;Soccer;;ESPN Mundial;dcd3bec8-a276-4f8f-8910-2e5230b335bd;SOAMU;00300;Disney Plus ESPN Events
8/7/2026;2026;Soccer;;ESPN Mundial;64d75e5b-e63f-49de-ba2b-d13680b0300c;SOAMU;00031;Disney Plus ESPN Events
8/7/2026;2026;Soccer;;ESPN Mundial;989b0439-2643-4fed-b02d-c1dc3daa6885;SOCMU;00136;ESPN
9/7/2026;2026;Soccer;;ESPN Mundial;c1f76e13-6f68-434d-8f64-804c79ac3f7e;SOAMU;00032;Disney Plus ESPN Events
9/7/2026;2026;Soccer;;ESPN Mundial;aa70b967-6a5d-4735-91de-a0073f13ccda;SOAMU;00301;ESPN Mundial Argentina
9/7/2026;2026;Soccer;;ESPN Mundial;c1f76e13-6f68-434d-8f64-804c79ac3f7e;SOAMU;00032;ESPN
9/7/2026;2026;Soccer;;ESPN Mundial;aa70b967-6a5d-4735-91de-a0073f13ccda;SOAMU;00301;Disney Plus ESPN Events
9/7/2026;2026;Soccer;;ESPN Mundial;aa70b967-6a5d-4735-91de-a0073f13ccda;SOAMU;00301;ESPN
9/7/2026;2026;Soccer;;ESPN Mundial;c1f76e13-6f68-434d-8f64-804c79ac3f7e;SOAMU;00032;ESPN Mundial Argentina
10/7/2026;2026;Soccer;;ESPN Mundial;c6b269b9-c016-4bae-bc49-c8ad3192432c;SOAMU;00033;ESPN Mundial Argentina
10/7/2026;2026;Soccer;;ESPN Mundial;e82523fa-00e3-4f32-adc2-cb07bb3eab92;SOAMU;00302;ESPN Mundial Argentina
10/7/2026;2026;Soccer;;ESPN Mundial;c6b269b9-c016-4bae-bc49-c8ad3192432c;SOAMU;00033;ESPN
10/7/2026;2026;Soccer;;ESPN Mundial;e82523fa-00e3-4f32-adc2-cb07bb3eab92;SOAMU;00302;ESPN
10/7/2026;2026;Soccer;;ESPN Mundial;c6b269b9-c016-4bae-bc49-c8ad3192432c;SOAMU;00033;Disney Plus ESPN Events
10/7/2026;2026;Soccer;;ESPN Mundial;e82523fa-00e3-4f32-adc2-cb07bb3eab92;SOAMU;00302;Disney Plus ESPN Events
11/7/2026;2026;Soccer;;ESPN Mundial;5c8acc27-b289-42c2-adfe-01f14dd384ae;SOAMU;00303;ESPN Mundial Argentina
11/7/2026;2026;Soccer;;ESPN Mundial;5c8acc27-b289-42c2-adfe-01f14dd384ae;SOAMU;00303;ESPN
11/7/2026;2026;Soccer;;ESPN Mundial;2459f200-fb51-4040-9e07-f62f5afd61ed;SOAMU;00034;ESPN Mundial Argentina
11/7/2026;2026;Soccer;;ESPN Mundial;5c8acc27-b289-42c2-adfe-01f14dd384ae;SOAMU;00303;Disney Plus ESPN Events
11/7/2026;2026;Soccer;;ESPN Mundial;2459f200-fb51-4040-9e07-f62f5afd61ed;SOAMU;00034;ESPN
11/7/2026;2026;Soccer;;ESPN Mundial;2459f200-fb51-4040-9e07-f62f5afd61ed;SOAMU;00034;Disney Plus ESPN Events
12/7/2026;2026;Soccer;;ESPN Mundial;5ac2cef7-b5bd-4d3f-a31f-6ca93b47facf;SOAMU;00304;Disney Plus ESPN Events
12/7/2026;2026;Soccer;;ESPN Mundial;5ac2cef7-b5bd-4d3f-a31f-6ca93b47facf;SOAMU;00304;ESPN Mundial Argentina
12/7/2026;2026;Soccer;;ESPN Mundial;a1d742c4-6d28-45a0-ba68-e4016078fe57;SOAMU;00035;ESPN Mundial Argentina
12/7/2026;2026;Soccer;;ESPN Mundial;a1d742c4-6d28-45a0-ba68-e4016078fe57;SOAMU;00035;ESPN
12/7/2026;2026;Soccer;;ESPN Mundial;a1d742c4-6d28-45a0-ba68-e4016078fe57;SOAMU;00035;Disney Plus ESPN Events
12/7/2026;2026;Soccer;;ESPN Mundial;5ac2cef7-b5bd-4d3f-a31f-6ca93b47facf;SOAMU;00304;ESPN
13/7/2026;2026;Soccer;;ESPN Mundial;b7fa4c80-3873-426f-b34e-80f361b30ccc;SOAMU;00036;ESPN
13/7/2026;2026;;;La Casa del Kun;b48ba258-2722-4976-a281-123f36177770;TAKUN;00032;Disney Plus ESPN Events
13/7/2026;2026;Soccer;;ESPN Mundial;b7fa4c80-3873-426f-b34e-80f361b30ccc;SOAMU;00036;Disney Plus ESPN Events
13/7/2026;2026;Soccer;;ESPN Mundial;b7fa4c80-3873-426f-b34e-80f361b30ccc;SOAMU;00036;ESPN Mundial Argentina
14/7/2026;2026;Soccer;;ESPN Mundial;86f5b738-f90c-45e0-a02f-3fa55c800b93;SOAMU;00037;Disney Plus ESPN Events
14/7/2026;2026;Soccer;;ESPN Mundial;86f5b738-f90c-45e0-a02f-3fa55c800b93;SOAMU;00037;ESPN Mundial Argentina
14/7/2026;2026;Soccer;;ESPN Mundial;86f5b738-f90c-45e0-a02f-3fa55c800b93;SOAMU;00037;ESPN
15/7/2026;2026;Soccer;;ESPN Mundial;87ae498f-6c0e-4c16-8ea5-4f91fed55c87;SOAMU;00038;ESPN Mundial Argentina
15/7/2026;2026;Soccer;;ESPN Mundial;87ae498f-6c0e-4c16-8ea5-4f91fed55c87;SOAMU;00038;ESPN
15/7/2026;2026;Soccer;;ESPN Mundial;87ae498f-6c0e-4c16-8ea5-4f91fed55c87;SOAMU;00038;Disney Plus ESPN Events
16/7/2026;2026;Soccer;;ESPN Mundial;f4dc79f2-52db-487f-85db-61d0e207272c;SOAMU;00039;ESPN Mundial Argentina
16/7/2026;2026;Soccer;;ESPN Mundial;f4dc79f2-52db-487f-85db-61d0e207272c;SOAMU;00039;Disney Plus ESPN Events
16/7/2026;2026;Soccer;;ESPN Mundial;f4dc79f2-52db-487f-85db-61d0e207272c;SOAMU;00039;ESPN
17/7/2026;2026;Soccer;;ESPN Mundial;67011709-176c-4b74-ad3e-80bc90b7502a;SOAMU;00040;ESPN
17/7/2026;2026;Soccer;;ESPN Mundial;67011709-176c-4b74-ad3e-80bc90b7502a;SOAMU;00040;ESPN Mundial Argentina
17/7/2026;2026;Soccer;;ESPN Mundial;67011709-176c-4b74-ad3e-80bc90b7502a;SOAMU;00040;Disney Plus ESPN Events
18/7/2026;2026;Soccer;;ESPN Mundial;e078420b-4773-48d3-a0d3-068b98379e35;SOAMU;00041;ESPN Mundial Argentina
18/7/2026;2026;Soccer;;ESPN Mundial;e078420b-4773-48d3-a0d3-068b98379e35;SOAMU;00041;Disney Plus ESPN Events
18/7/2026;2026;Soccer;;ESPN Mundial;e078420b-4773-48d3-a0d3-068b98379e35;SOAMU;00041;ESPN
19/7/2026;2026;Soccer;;ESPN Mundial;aa1a2d2d-b52b-4537-9a59-c435e2687e2f;SOAMU;00042;ESPN Mundial Argentina
19/7/2026;2026;Soccer;;ESPN Mundial;aa1a2d2d-b52b-4537-9a59-c435e2687e2f;SOAMU;00042;Disney Plus ESPN Events
19/7/2026;2026;Soccer;;ESPN Mundial;1f615f05-2a3c-48ca-86e9-7bbe3cf2c54b;SOCMU;00040;ESPN Mundial Colombia
19/7/2026;2026;Soccer;;ESPN Mundial;aa1a2d2d-b52b-4537-9a59-c435e2687e2f;SOAMU;00042;ESPN
19/7/2026;2026;Soccer;;ESPN Mundial;1f615f05-2a3c-48ca-86e9-7bbe3cf2c54b;SOCMU;00040;ESPN
